time,price,timeRange(seconds)
2024-02-21T06:07:11Z[UTC],7.40,1188
2024-02-21T06:35:23Z[UTC],7.36,1692
2024-02-21T07:01:35Z[UTC],7.33,1572
2024-02-21T07:03:23Z[UTC],7.31,108
2024-02-21T07:08:11Z[UTC],7.28,288
2024-02-21T07:25:11Z[UTC],7.26,1020
2024-02-21T08:06:59Z[UTC],7.28,2508
2024-02-21T08:28:47Z[UTC],7.30,1308
2024-02-21T09:18:11Z[UTC],7.32,2964
2024-02-21T09:25:59Z[UTC],7.30,468
2024-02-21T09:27:47Z[UTC],7.28,108
2024-02-21T09:40:59Z[UTC],7.25,792
2024-02-21T09:41:35Z[UTC],7.23,36
2024-02-21T09:57:23Z[UTC],7.22,948
2024-02-21T10:27:11Z[UTC],7.19,1788
2024-02-21T10:43:47Z[UTC],7.21,996
2024-02-21T10:53:23Z[UTC],7.23,576
2024-02-21T11:04:47Z[UTC],7.25,684
2024-02-21T11:36:59Z[UTC],7.27,1932
2024-02-21T12:07:23Z[UTC],7.25,1824
2024-02-21T12:14:35Z[UTC],7.23,432
2024-02-21T12:26:11Z[UTC],7.25,696
2024-02-21T12:43:11Z[UTC],7.27,1020
2024-02-21T13:34:23Z[UTC],7.29,3072
2024-02-21T13:53:23Z[UTC],7.27,1140
2024-02-21T14:18:23Z[UTC],7.24,1500
2024-02-21T14:26:47Z[UTC],7.21,504
2024-02-21T14:29:23Z[UTC],7.18,156
2024-02-21T15:15:59Z[UTC],7.16,2796
2024-02-21T15:23:35Z[UTC],7.18,456
2024-02-21T17:37:11Z[UTC],7.21,8016
2024-02-21T17:50:47Z[UTC],7.19,816
2024-02-21T17:57:23Z[UTC],7.16,396
2024-02-21T18:28:47Z[UTC],7.14,1884
2024-02-21T19:05:35Z[UTC],7.10,2208
2024-02-21T19:18:23Z[UTC],7.13,768
2024-02-21T21:06:35Z[UTC],7.15,6492
2024-02-21T21:27:35Z[UTC],7.17,1260
2024-02-21T21:29:59Z[UTC],7.20,144
2024-02-21T21:40:23Z[UTC],7.23,624
2024-02-21T22:26:23Z[UTC],7.26,2760
2024-02-21T22:40:11Z[UTC],7.29,828
2024-02-21T22:54:23Z[UTC],7.32,852
2024-02-21T23:16:47Z[UTC],7.31,1344
2024-02-21T23:38:23Z[UTC],7.33,1296
2024-02-22T01:15:35Z[UTC],7.35,5832
2024-02-22T01:39:47Z[UTC],7.38,1452
2024-02-22T01:51:47Z[UTC],7.36,720
2024-02-22T02:11:23Z[UTC],7.33,1176
2024-02-22T02:56:11Z[UTC],7.35,2688
2024-02-22T05:23:11Z[UTC],7.33,8820
2024-02-22T06:27:11Z[UTC],7.33,3840
2024-02-22T06:33:35Z[UTC],7.35,384
2024-02-22T06:41:23Z[UTC],7.37,468
2024-02-22T06:48:35Z[UTC],7.39,432
2024-02-22T06:52:23Z[UTC],7.42,228
2024-02-22T08:14:47Z[UTC],7.45,4944
2024-02-22T09:43:47Z[UTC],7.47,5340
2024-02-22T10:40:23Z[UTC],7.49,3396
2024-02-22T10:47:35Z[UTC],7.46,432
2024-02-22T12:37:47Z[UTC],7.44,6612
2024-02-22T12:40:47Z[UTC],7.43,180
2024-02-22T13:15:59Z[UTC],7.41,2112
2024-02-22T13:17:47Z[UTC],7.37,108
2024-02-22T13:44:59Z[UTC],7.35,1632
2024-02-22T13:46:11Z[UTC],7.30,72
2024-02-22T14:13:35Z[UTC],7.29,1644
2024-02-22T14:35:59Z[UTC],7.32,1344
2024-02-22T15:32:23Z[UTC],7.35,3384
2024-02-22T15:32:47Z[UTC],7.37,24
2024-02-22T18:41:23Z[UTC],7.40,11316
2024-02-22T18:49:35Z[UTC],7.43,492
2024-02-22T19:09:47Z[UTC],7.46,1212
2024-02-22T19:49:59Z[UTC],7.47,2412
2024-02-22T21:36:47Z[UTC],7.47,6408
2024-02-22T22:28:35Z[UTC],7.44,3108
2024-02-23T02:32:11Z[UTC],7.38,14616
2024-02-23T02:53:11Z[UTC],7.35,1260
2024-02-23T03:02:11Z[UTC],7.32,540
2024-02-23T03:42:35Z[UTC],7.29,2424
2024-02-23T03:56:47Z[UTC],7.26,852
2024-02-23T03:57:23Z[UTC],7.23,36
2024-02-23T03:57:59Z[UTC],7.17,36
2024-02-23T04:20:35Z[UTC],7.12,1356
2024-02-23T04:33:23Z[UTC],7.14,768
2024-02-23T04:50:35Z[UTC],7.16,1032
2024-02-23T05:18:59Z[UTC],7.18,1704
2024-02-23T05:21:11Z[UTC],7.18,132
2024-02-23T05:32:47Z[UTC],7.12,696
2024-02-23T05:55:59Z[UTC],7.08,1392
2024-02-23T06:31:59Z[UTC],7.10,2160
2024-02-23T08:31:59Z[UTC],7.12,7200
2024-02-23T08:37:23Z[UTC],7.09,324
2024-02-23T09:30:11Z[UTC],7.07,3168
2024-02-23T10:25:23Z[UTC],7.09,3312
2024-02-23T11:36:59Z[UTC],7.11,4296
2024-02-23T12:52:35Z[UTC],7.10,4536
2024-02-23T13:53:23Z[UTC],7.13,3648
2024-02-23T14:20:35Z[UTC],7.16,1632
2024-02-23T14:20:47Z[UTC],7.20,12
2024-02-23T14:20:59Z[UTC],7.24,12
2024-02-23T14:21:47Z[UTC],7.27,48
2024-02-23T14:21:59Z[UTC],7.31,12
2024-02-23T14:22:23Z[UTC],7.34,24
2024-02-23T14:22:35Z[UTC],7.40,12
2024-02-23T14:22:59Z[UTC],7.46,24
2024-02-23T14:23:23Z[UTC],7.49,24
2024-02-23T14:23:35Z[UTC],7.51,12
2024-02-23T14:23:47Z[UTC],7.51,12
2024-02-23T14:23:59Z[UTC],7.55,12
2024-02-23T14:24:23Z[UTC],7.60,24
2024-02-23T14:24:35Z[UTC],7.75,12
2024-02-23T14:24:47Z[UTC],7.79,12
2024-02-23T14:25:11Z[UTC],7.83,24
2024-02-23T14:25:23Z[UTC],7.88,12
2024-02-23T14:25:35Z[UTC],8.00,12
2024-02-23T14:25:47Z[UTC],8.00,12
2024-02-23T14:25:59Z[UTC],8.09,12
2024-02-23T14:26:11Z[UTC],8.13,12
2024-02-23T14:26:59Z[UTC],8.05,48
2024-02-23T14:27:23Z[UTC],8.02,24
2024-02-23T14:27:47Z[UTC],8.12,24
2024-02-23T14:28:11Z[UTC],8.19,24
2024-02-23T14:28:23Z[UTC],8.28,12
2024-02-23T14:28:35Z[UTC],8.33,12
2024-02-23T14:28:59Z[UTC],8.55,24
2024-02-23T14:29:11Z[UTC],8.61,12
2024-02-23T14:29:23Z[UTC],8.87,12
2024-02-23T14:30:11Z[UTC],9.00,48
2024-02-23T14:30:23Z[UTC],9.05,12
2024-02-23T14:30:35Z[UTC],9.17,12
2024-02-23T14:30:47Z[UTC],9.14,12
2024-02-23T14:30:59Z[UTC],9.20,12
2024-02-23T14:31:11Z[UTC],9.16,12
2024-02-23T14:31:23Z[UTC],9.07,12
2024-02-23T14:31:47Z[UTC],8.93,24
2024-02-23T14:32:23Z[UTC],8.93,36
2024-02-23T14:32:35Z[UTC],8.85,12
2024-02-23T14:33:11Z[UTC],8.91,36
2024-02-23T14:33:35Z[UTC],9.02,24
2024-02-23T14:33:47Z[UTC],9.15,12
2024-02-23T14:33:59Z[UTC],9.27,12
2024-02-23T14:34:11Z[UTC],9.30,12
2024-02-23T14:34:23Z[UTC],9.38,12
2024-02-23T14:34:35Z[UTC],9.44,12
2024-02-23T14:34:47Z[UTC],9.43,12
2024-02-23T14:34:59Z[UTC],9.69,12
2024-02-23T14:35:11Z[UTC],9.70,12
2024-02-23T14:35:23Z[UTC],10.05,12
2024-02-23T14:35:35Z[UTC],9.86,12
2024-02-23T14:35:47Z[UTC],9.91,12
2024-02-23T14:35:59Z[UTC],9.86,12
2024-02-23T14:36:35Z[UTC],9.94,36
2024-02-23T14:37:11Z[UTC],9.84,36
2024-02-23T14:37:23Z[UTC],9.92,12
2024-02-23T14:37:35Z[UTC],10.00,12
2024-02-23T14:37:47Z[UTC],10.04,12
2024-02-23T14:38:11Z[UTC],10.18,24
2024-02-23T14:38:23Z[UTC],10.19,12
2024-02-23T14:38:35Z[UTC],10.02,12
2024-02-23T14:38:47Z[UTC],10.29,12
2024-02-23T14:39:11Z[UTC],10.30,24
2024-02-23T14:39:23Z[UTC],10.61,12
2024-02-23T14:39:35Z[UTC],10.53,12
2024-02-23T14:39:47Z[UTC],10.26,12
2024-02-23T14:39:59Z[UTC],9.88,12
2024-02-23T14:40:23Z[UTC],10.15,24
2024-02-23T14:40:35Z[UTC],10.11,12
2024-02-23T14:40:47Z[UTC],10.35,12
2024-02-23T14:40:59Z[UTC],10.25,12
2024-02-23T14:41:11Z[UTC],10.16,12
2024-02-23T14:41:23Z[UTC],10.25,12
2024-02-23T14:43:35Z[UTC],10.35,132
2024-02-23T14:43:47Z[UTC],10.20,12
2024-02-23T14:43:59Z[UTC],10.25,12
2024-02-23T14:44:23Z[UTC],10.18,24
2024-02-23T14:45:23Z[UTC],10.27,60
2024-02-23T14:45:35Z[UTC],10.33,12
2024-02-23T14:45:59Z[UTC],10.30,24
2024-02-23T14:46:35Z[UTC],10.38,36
2024-02-23T14:47:47Z[UTC],10.42,72
2024-02-23T14:48:11Z[UTC],10.41,24
2024-02-23T14:48:23Z[UTC],10.96,12
2024-02-23T14:48:35Z[UTC],11.08,12
2024-02-23T14:48:47Z[UTC],10.46,12
2024-02-23T14:48:59Z[UTC],10.51,12
2024-02-23T14:49:11Z[UTC],10.58,12
2024-02-23T14:49:23Z[UTC],10.52,12
2024-02-23T14:49:35Z[UTC],10.76,12
2024-02-23T14:49:47Z[UTC],10.62,12
2024-02-23T14:50:11Z[UTC],10.72,24
2024-02-23T14:50:23Z[UTC],10.78,12
2024-02-23T14:50:35Z[UTC],10.63,12
2024-02-23T14:50:59Z[UTC],10.62,24
2024-02-23T14:51:11Z[UTC],10.68,12
2024-02-23T14:51:23Z[UTC],10.85,12
2024-02-23T14:51:35Z[UTC],10.71,12
2024-02-23T14:52:11Z[UTC],10.84,36
2024-02-23T14:52:47Z[UTC],10.92,36
2024-02-23T14:52:59Z[UTC],10.97,12
2024-02-23T14:53:11Z[UTC],10.86,12
2024-02-23T14:53:35Z[UTC],10.73,24
2024-02-23T14:53:47Z[UTC],10.77,12
2024-02-23T14:54:59Z[UTC],10.79,72
2024-02-23T14:55:11Z[UTC],10.84,12
2024-02-23T14:55:23Z[UTC],10.89,12
2024-02-23T14:56:11Z[UTC],11.00,48
2024-02-23T14:56:23Z[UTC],11.10,12
2024-02-23T14:56:35Z[UTC],11.05,12
2024-02-23T14:56:47Z[UTC],11.10,12
2024-02-23T14:57:47Z[UTC],11.15,60
2024-02-23T14:58:11Z[UTC],11.00,24
2024-02-23T14:59:35Z[UTC],11.05,84
2024-02-23T14:59:59Z[UTC],11.19,24
2024-02-23T15:00:35Z[UTC],11.11,36
2024-02-23T15:00:59Z[UTC],11.06,24
2024-02-23T15:01:23Z[UTC],10.94,24
2024-02-23T15:01:47Z[UTC],10.99,24
2024-02-23T15:02:11Z[UTC],10.85,24
2024-02-23T15:02:23Z[UTC],10.95,12
2024-02-23T15:02:35Z[UTC],10.93,12
2024-02-23T15:02:47Z[UTC],10.84,12
2024-02-23T15:03:47Z[UTC],10.94,60
2024-02-23T15:04:47Z[UTC],10.91,60
2024-02-23T15:04:59Z[UTC],10.86,12
2024-02-23T15:05:47Z[UTC],10.80,48
2024-02-23T15:05:59Z[UTC],10.87,12
2024-02-23T15:06:11Z[UTC],10.89,12
2024-02-23T15:07:35Z[UTC],10.94,84
2024-02-23T15:07:47Z[UTC],10.90,12
2024-02-23T15:08:35Z[UTC],10.87,48
2024-02-23T15:08:59Z[UTC],10.93,24
2024-02-23T15:09:11Z[UTC],11.02,12
2024-02-23T15:09:47Z[UTC],11.15,36
2024-02-23T15:09:59Z[UTC],11.33,12
2024-02-23T15:10:23Z[UTC],11.25,24
2024-02-23T15:12:35Z[UTC],11.13,132
2024-02-23T15:13:11Z[UTC],11.04,36
2024-02-23T15:13:47Z[UTC],10.97,36
2024-02-23T15:13:59Z[UTC],11.00,12
2024-02-23T15:15:59Z[UTC],10.93,120
2024-02-23T15:16:47Z[UTC],11.03,48
2024-02-23T15:16:59Z[UTC],11.08,12
2024-02-23T15:17:11Z[UTC],11.15,12
2024-02-23T15:17:23Z[UTC],11.12,12
2024-02-23T15:19:35Z[UTC],11.04,132
2024-02-23T15:19:47Z[UTC],11.14,12
2024-02-23T15:20:11Z[UTC],11.27,24
2024-02-23T15:20:23Z[UTC],11.35,12
2024-02-23T15:20:47Z[UTC],11.30,24
2024-02-23T15:20:59Z[UTC],11.31,12
2024-02-23T15:21:47Z[UTC],11.45,48
2024-02-23T15:21:59Z[UTC],11.62,12
2024-02-23T15:22:23Z[UTC],11.50,24
2024-02-23T15:22:35Z[UTC],11.48,12
2024-02-23T15:22:47Z[UTC],11.60,12
2024-02-23T15:22:59Z[UTC],11.80,12
2024-02-23T15:23:11Z[UTC],11.78,12
2024-02-23T15:23:47Z[UTC],11.83,36
2024-02-23T15:24:47Z[UTC],11.73,60
2024-02-23T15:25:23Z[UTC],11.81,36
2024-02-23T15:25:35Z[UTC],11.86,12
2024-02-23T15:25:47Z[UTC],11.90,12
2024-02-23T15:26:35Z[UTC],11.82,48
2024-02-23T15:26:47Z[UTC],11.89,12
2024-02-23T15:27:23Z[UTC],11.98,36
2024-02-23T15:27:47Z[UTC],11.88,24
2024-02-23T15:27:59Z[UTC],11.82,12
2024-02-23T15:28:11Z[UTC],11.91,12
2024-02-23T15:28:23Z[UTC],12.10,12
2024-02-23T15:28:35Z[UTC],12.09,12
2024-02-23T15:28:47Z[UTC],12.37,12
2024-02-23T15:28:59Z[UTC],12.28,12
2024-02-23T15:29:11Z[UTC],12.17,12
2024-02-23T15:29:23Z[UTC],12.26,12
2024-02-23T15:29:35Z[UTC],12.33,12
2024-02-23T15:30:11Z[UTC],12.44,36
2024-02-23T15:30:47Z[UTC],12.33,36
2024-02-23T15:30:59Z[UTC],12.44,12
2024-02-23T15:31:23Z[UTC],12.46,24
2024-02-23T15:31:47Z[UTC],12.35,24
2024-02-23T15:31:59Z[UTC],12.29,12
2024-02-23T15:32:23Z[UTC],12.25,24
2024-02-23T15:32:47Z[UTC],12.19,24
2024-02-23T15:33:11Z[UTC],12.25,24
2024-02-23T15:34:47Z[UTC],12.32,96
2024-02-23T15:35:35Z[UTC],12.27,48
2024-02-23T15:35:59Z[UTC],12.18,24
2024-02-23T15:36:35Z[UTC],12.07,36
2024-02-23T15:37:35Z[UTC],12.05,60
2024-02-23T15:37:47Z[UTC],12.13,12
2024-02-23T15:38:11Z[UTC],12.00,24
2024-02-23T15:38:59Z[UTC],12.06,48
2024-02-23T15:39:23Z[UTC],12.16,24
2024-02-23T15:39:59Z[UTC],12.13,36
2024-02-23T15:40:35Z[UTC],12.05,36
2024-02-23T15:41:11Z[UTC],12.17,36
2024-02-23T15:41:23Z[UTC],12.14,12
2024-02-23T15:42:23Z[UTC],12.12,60
2024-02-23T15:42:59Z[UTC],12.01,36
2024-02-23T15:43:59Z[UTC],11.96,60
2024-02-23T15:44:11Z[UTC],11.94,12
2024-02-23T15:44:23Z[UTC],12.04,12
2024-02-23T15:45:11Z[UTC],11.87,48
2024-02-23T15:45:23Z[UTC],11.87,12
2024-02-23T15:45:35Z[UTC],11.86,12
2024-02-23T15:45:47Z[UTC],11.70,12
2024-02-23T15:46:11Z[UTC],11.77,24
2024-02-23T15:46:47Z[UTC],11.65,36
2024-02-23T15:47:11Z[UTC],11.61,24
2024-02-23T15:48:23Z[UTC],11.61,72
2024-02-23T15:48:47Z[UTC],11.70,24
2024-02-23T15:48:59Z[UTC],11.63,12
2024-02-23T15:49:11Z[UTC],11.68,12
2024-02-23T15:50:35Z[UTC],11.64,84
2024-02-23T15:51:35Z[UTC],11.72,60
2024-02-23T15:52:23Z[UTC],11.82,48
2024-02-23T15:52:35Z[UTC],11.86,12
2024-02-23T15:53:23Z[UTC],11.85,48
2024-02-23T15:54:11Z[UTC],11.80,48
2024-02-23T15:55:59Z[UTC],11.73,108
2024-02-23T15:57:23Z[UTC],11.66,84
2024-02-23T15:58:23Z[UTC],11.59,60
2024-02-23T15:58:35Z[UTC],11.46,12
2024-02-23T15:59:35Z[UTC],11.40,60
2024-02-23T16:00:11Z[UTC],11.36,36
2024-02-23T16:00:35Z[UTC],11.44,24
2024-02-23T16:00:47Z[UTC],11.40,12
2024-02-23T16:01:23Z[UTC],11.36,36
2024-02-23T16:02:23Z[UTC],11.42,60
2024-02-23T16:04:23Z[UTC],11.30,120
2024-02-23T16:06:11Z[UTC],11.21,108
2024-02-23T16:06:35Z[UTC],11.31,24
2024-02-23T16:06:59Z[UTC],11.29,24
2024-02-23T16:07:11Z[UTC],11.29,12
2024-02-23T16:07:59Z[UTC],11.23,48
2024-02-23T16:08:23Z[UTC],11.28,24
2024-02-23T16:08:59Z[UTC],11.37,36
2024-02-23T16:09:11Z[UTC],11.41,12
2024-02-23T16:09:35Z[UTC],11.40,24
2024-02-23T16:10:23Z[UTC],11.46,48
2024-02-23T16:11:47Z[UTC],11.37,84
2024-02-23T16:13:35Z[UTC],11.29,108
2024-02-23T16:15:23Z[UTC],11.36,108
2024-02-23T16:16:23Z[UTC],11.30,60
2024-02-23T16:17:11Z[UTC],11.20,48
2024-02-23T16:17:59Z[UTC],11.04,48
2024-02-23T16:18:23Z[UTC],10.96,24
2024-02-23T16:20:11Z[UTC],10.91,108
2024-02-23T16:20:47Z[UTC],10.84,36
2024-02-23T16:21:11Z[UTC],10.89,24
2024-02-23T16:24:35Z[UTC],10.95,204
2024-02-23T16:24:47Z[UTC],11.00,12
2024-02-23T16:24:59Z[UTC],11.05,12
2024-02-23T16:25:47Z[UTC],11.10,48
2024-02-23T16:25:59Z[UTC],11.19,12
2024-02-23T16:26:11Z[UTC],11.30,12
2024-02-23T16:26:47Z[UTC],11.22,36
2024-02-23T16:27:11Z[UTC],11.15,24
2024-02-23T16:28:23Z[UTC],11.10,72
2024-02-23T16:29:23Z[UTC],11.18,60
2024-02-23T16:30:47Z[UTC],11.14,84
2024-02-23T16:31:23Z[UTC],11.21,36
2024-02-23T16:32:11Z[UTC],11.16,48
2024-02-23T16:34:59Z[UTC],11.08,168
2024-02-23T16:35:11Z[UTC],11.12,12
2024-02-23T16:35:35Z[UTC],11.03,24
2024-02-23T16:36:11Z[UTC],11.10,36
2024-02-23T16:36:23Z[UTC],11.05,12
2024-02-23T16:37:47Z[UTC],11.27,84
2024-02-23T16:38:35Z[UTC],11.31,48
2024-02-23T16:39:23Z[UTC],11.31,48
2024-02-23T16:43:11Z[UTC],11.27,228
2024-02-23T16:43:23Z[UTC],11.21,12
2024-02-23T16:43:47Z[UTC],11.15,24
2024-02-23T16:47:23Z[UTC],11.21,216
2024-02-23T16:47:35Z[UTC],11.17,12
2024-02-23T16:48:59Z[UTC],11.12,84
2024-02-23T16:49:59Z[UTC],11.16,60
2024-02-23T16:50:59Z[UTC],11.21,60
2024-02-23T16:51:35Z[UTC],11.27,36
2024-02-23T16:56:11Z[UTC],11.31,276
2024-02-23T16:56:23Z[UTC],11.39,12
2024-02-23T16:57:35Z[UTC],11.38,72
2024-02-23T16:58:11Z[UTC],11.42,36
2024-02-23T17:02:11Z[UTC],11.37,240
2024-02-23T17:03:23Z[UTC],11.33,72
2024-02-23T17:05:11Z[UTC],11.29,108
2024-02-23T17:05:23Z[UTC],11.25,12
2024-02-23T17:05:35Z[UTC],11.22,12
2024-02-23T17:09:59Z[UTC],11.21,264
2024-02-23T17:15:23Z[UTC],11.21,324
2024-02-23T17:16:59Z[UTC],11.16,96
2024-02-23T17:17:11Z[UTC],11.20,12
2024-02-23T17:17:59Z[UTC],11.23,48
2024-02-23T17:18:35Z[UTC],11.21,36
2024-02-23T17:21:47Z[UTC],11.16,192
2024-02-23T17:22:23Z[UTC],11.14,36
2024-02-23T17:23:35Z[UTC],11.05,72
2024-02-23T17:25:11Z[UTC],11.01,96
2024-02-23T17:26:23Z[UTC],10.98,72
2024-02-23T17:26:59Z[UTC],10.94,36
2024-02-23T17:28:11Z[UTC],11.00,72
2024-02-23T17:32:59Z[UTC],10.97,288
2024-02-23T17:33:47Z[UTC],11.01,48
2024-02-23T17:34:11Z[UTC],11.07,24
2024-02-23T17:36:23Z[UTC],11.14,132
2024-02-23T17:37:23Z[UTC],11.09,60
2024-02-23T17:38:11Z[UTC],11.07,48
2024-02-23T17:38:47Z[UTC],11.01,36
2024-02-23T17:40:23Z[UTC],10.95,96
2024-02-23T17:42:35Z[UTC],11.00,132
2024-02-23T17:51:23Z[UTC],11.04,528
2024-02-23T17:53:11Z[UTC],10.97,108
2024-02-23T17:55:11Z[UTC],11.02,120
2024-02-23T17:55:59Z[UTC],10.97,48
2024-02-23T17:59:11Z[UTC],11.01,192
2024-02-23T17:59:47Z[UTC],11.05,36
2024-02-23T18:00:23Z[UTC],11.10,36
2024-02-23T18:01:47Z[UTC],11.05,84
2024-02-23T18:03:59Z[UTC],10.99,132
2024-02-23T18:05:59Z[UTC],10.96,120
2024-02-23T18:06:11Z[UTC],10.91,12
2024-02-23T18:07:11Z[UTC],10.80,60
2024-02-23T18:08:23Z[UTC],10.70,72
2024-02-23T18:08:35Z[UTC],10.67,12
2024-02-23T18:09:11Z[UTC],10.62,36
2024-02-23T18:10:11Z[UTC],10.57,60
2024-02-23T18:11:35Z[UTC],10.61,84
2024-02-23T18:13:35Z[UTC],10.59,120
2024-02-23T18:13:47Z[UTC],10.62,12
2024-02-23T18:14:35Z[UTC],10.64,48
2024-02-23T18:15:47Z[UTC],10.69,72
2024-02-23T18:17:35Z[UTC],10.74,108
2024-02-23T18:18:11Z[UTC],10.67,36
2024-02-23T18:19:47Z[UTC],10.70,96
2024-02-23T18:19:59Z[UTC],10.70,12
2024-02-23T18:23:59Z[UTC],10.66,240
2024-02-23T18:29:59Z[UTC],10.70,360
2024-02-23T18:32:11Z[UTC],10.66,132
2024-02-23T18:38:35Z[UTC],10.74,384
2024-02-23T18:38:59Z[UTC],10.70,24
2024-02-23T18:42:11Z[UTC],10.63,192
2024-02-23T18:43:59Z[UTC],10.68,108
2024-02-23T18:55:59Z[UTC],10.67,720
2024-02-23T18:59:35Z[UTC],10.67,216
2024-02-23T19:00:35Z[UTC],10.71,60
2024-02-23T19:00:47Z[UTC],10.81,12
2024-02-23T19:00:59Z[UTC],10.85,12
2024-02-23T19:05:59Z[UTC],10.94,300
2024-02-23T19:06:11Z[UTC],10.92,12
2024-02-23T19:11:23Z[UTC],10.89,312
2024-02-23T19:11:35Z[UTC],10.93,12
2024-02-23T19:14:23Z[UTC],10.93,168
2024-02-23T19:16:35Z[UTC],10.93,132
2024-02-23T19:17:11Z[UTC],10.85,36
2024-02-23T19:20:11Z[UTC],10.84,180
2024-02-23T19:21:11Z[UTC],10.88,60
2024-02-23T19:21:35Z[UTC],10.92,24
2024-02-23T19:26:59Z[UTC],11.01,324
2024-02-23T19:29:11Z[UTC],11.06,132
2024-02-23T19:30:23Z[UTC],11.02,72
2024-02-23T19:33:35Z[UTC],10.97,192
2024-02-23T19:41:47Z[UTC],11.01,492
2024-02-23T19:41:59Z[UTC],10.89,12
2024-02-23T19:46:23Z[UTC],10.96,264
2024-02-23T19:55:11Z[UTC],10.92,528
2024-02-23T19:57:59Z[UTC],10.98,168
2024-02-23T20:01:23Z[UTC],10.97,204
2024-02-23T20:08:11Z[UTC],10.96,408
2024-02-23T20:11:23Z[UTC],10.95,192
2024-02-23T20:13:35Z[UTC],10.99,132
2024-02-23T20:23:23Z[UTC],11.04,588
2024-02-23T20:35:23Z[UTC],11.01,720
2024-02-23T20:36:47Z[UTC],11.05,84
2024-02-23T20:41:47Z[UTC],11.09,300
2024-02-23T20:42:23Z[UTC],11.08,36
2024-02-23T20:48:23Z[UTC],11.07,360
2024-02-23T20:48:47Z[UTC],11.10,24
2024-02-23T20:50:35Z[UTC],11.15,108
2024-02-23T20:50:47Z[UTC],11.19,12
2024-02-23T20:51:11Z[UTC],11.23,24
2024-02-23T20:51:59Z[UTC],11.22,48
2024-02-23T20:52:23Z[UTC],11.25,24
2024-02-23T20:54:11Z[UTC],11.31,108
2024-02-23T20:55:35Z[UTC],11.27,84
2024-02-23T20:57:47Z[UTC],11.23,132
2024-02-23T21:04:35Z[UTC],11.30,408
2024-02-23T21:13:11Z[UTC],11.26,516
2024-02-23T21:17:47Z[UTC],11.27,276
2024-02-23T21:21:47Z[UTC],11.23,240
2024-02-23T21:26:11Z[UTC],11.27,264
2024-02-23T21:29:23Z[UTC],11.31,192
2024-02-23T21:29:35Z[UTC],11.36,12
2024-02-23T21:33:47Z[UTC],11.41,252
2024-02-23T21:37:59Z[UTC],11.37,252
2024-02-23T21:49:23Z[UTC],11.34,684
2024-02-23T21:49:47Z[UTC],11.31,24
2024-02-23T21:51:47Z[UTC],11.26,120
2024-02-23T22:01:11Z[UTC],11.22,564
2024-02-23T22:03:23Z[UTC],11.25,132
2024-02-23T22:06:59Z[UTC],11.25,216
2024-02-23T22:08:11Z[UTC],11.25,72
2024-02-23T22:14:11Z[UTC],11.31,360
2024-02-23T22:32:11Z[UTC],11.26,1080
2024-02-23T22:32:59Z[UTC],11.22,48
2024-02-23T22:33:11Z[UTC],11.19,12
2024-02-23T22:33:47Z[UTC],11.09,36
2024-02-23T22:34:35Z[UTC],11.03,48
2024-02-23T22:35:47Z[UTC],11.06,72
2024-02-23T22:43:35Z[UTC],11.04,468
2024-02-23T22:47:59Z[UTC],10.96,264
2024-02-23T22:49:11Z[UTC],10.99,72
2024-02-23T22:54:59Z[UTC],11.07,348
2024-02-23T22:59:23Z[UTC],11.02,264
2024-02-23T23:04:11Z[UTC],11.07,288
2024-02-23T23:16:11Z[UTC],11.00,720
2024-02-23T23:19:23Z[UTC],10.98,192
2024-02-23T23:21:11Z[UTC],11.04,108
2024-02-23T23:21:47Z[UTC],11.07,36
2024-02-23T23:23:59Z[UTC],11.11,132
2024-02-23T23:24:11Z[UTC],11.15,12
2024-02-23T23:25:35Z[UTC],11.17,84
2024-02-23T23:28:59Z[UTC],11.21,204
2024-02-23T23:29:23Z[UTC],11.38,24
2024-02-23T23:36:23Z[UTC],11.36,420
2024-02-23T23:43:11Z[UTC],11.33,408
2024-02-23T23:45:47Z[UTC],11.30,156
2024-02-23T23:49:35Z[UTC],11.35,228
2024-02-23T23:53:59Z[UTC],11.31,264
2024-02-23T23:54:35Z[UTC],11.34,36
2024-02-24T00:03:59Z[UTC],11.37,564
2024-02-24T00:05:59Z[UTC],11.33,120
2024-02-24T00:08:47Z[UTC],11.27,168
2024-02-24T00:09:23Z[UTC],11.32,36
2024-02-24T00:09:35Z[UTC],11.39,12
2024-02-24T00:09:59Z[UTC],11.43,24
2024-02-24T00:10:35Z[UTC],11.47,36
2024-02-24T00:11:35Z[UTC],11.51,60
2024-02-24T00:11:59Z[UTC],11.56,24
2024-02-24T00:12:59Z[UTC],11.61,60
2024-02-24T00:13:23Z[UTC],11.65,24
2024-02-24T00:13:59Z[UTC],11.67,36
2024-02-24T00:15:11Z[UTC],11.75,72
2024-02-24T00:16:35Z[UTC],11.67,84
2024-02-24T00:16:47Z[UTC],11.71,12
2024-02-24T00:17:59Z[UTC],11.81,72
2024-02-24T00:18:59Z[UTC],11.86,60
2024-02-24T00:19:11Z[UTC],11.87,12
2024-02-24T00:20:23Z[UTC],11.92,72
2024-02-24T00:20:47Z[UTC],11.89,24
2024-02-24T00:21:11Z[UTC],11.84,24
2024-02-24T00:21:47Z[UTC],11.88,36
2024-02-24T00:22:23Z[UTC],11.86,36
2024-02-24T00:23:11Z[UTC],11.80,48
2024-02-24T00:23:23Z[UTC],11.86,12
2024-02-24T00:23:35Z[UTC],11.82,12
2024-02-24T00:24:47Z[UTC],11.79,72
2024-02-24T00:26:11Z[UTC],11.79,84
2024-02-24T00:29:59Z[UTC],11.84,228
2024-02-24T00:30:47Z[UTC],11.89,48
2024-02-24T00:31:11Z[UTC],11.85,24
2024-02-24T00:31:23Z[UTC],11.80,12
2024-02-24T00:34:59Z[UTC],11.75,216
2024-02-24T00:35:23Z[UTC],11.79,24
2024-02-24T00:40:23Z[UTC],11.81,300
2024-02-24T00:41:11Z[UTC],11.84,48
2024-02-24T00:41:47Z[UTC],11.88,36
2024-02-24T00:43:35Z[UTC],11.91,108
2024-02-24T00:44:23Z[UTC],12.01,48
2024-02-24T00:44:59Z[UTC],12.05,36
2024-02-24T00:46:11Z[UTC],12.11,72
2024-02-24T00:47:35Z[UTC],12.09,84
2024-02-24T00:47:47Z[UTC],12.13,12
2024-02-24T00:48:47Z[UTC],12.18,60
2024-02-24T00:48:59Z[UTC],12.23,12
2024-02-24T00:50:23Z[UTC],12.28,84
2024-02-24T00:51:35Z[UTC],12.25,72
2024-02-24T00:51:47Z[UTC],12.32,12
2024-02-24T00:52:11Z[UTC],12.42,24
2024-02-24T00:52:23Z[UTC],12.41,12
2024-02-24T00:53:35Z[UTC],12.45,72
2024-02-24T00:55:35Z[UTC],12.39,120
2024-02-24T00:56:11Z[UTC],12.34,36
2024-02-24T00:56:23Z[UTC],12.31,12
2024-02-24T00:56:35Z[UTC],12.25,12
2024-02-24T00:56:47Z[UTC],12.28,12
2024-02-24T00:57:23Z[UTC],12.37,36
2024-02-24T00:57:35Z[UTC],12.33,12
2024-02-24T00:58:47Z[UTC],12.29,72
2024-02-24T01:01:23Z[UTC],12.31,156
2024-02-24T01:01:35Z[UTC],12.36,12
2024-02-24T01:03:47Z[UTC],12.44,132
2024-02-24T01:05:11Z[UTC],12.48,84
2024-02-24T01:05:47Z[UTC],12.42,36
2024-02-24T01:06:11Z[UTC],12.38,24
2024-02-24T01:06:47Z[UTC],12.38,36
2024-02-24T01:07:35Z[UTC],12.43,48
2024-02-24T01:08:23Z[UTC],12.38,48
2024-02-24T01:08:59Z[UTC],12.33,36
2024-02-24T01:10:23Z[UTC],12.30,84
2024-02-24T01:10:47Z[UTC],12.35,24
2024-02-24T01:12:23Z[UTC],12.38,96
2024-02-24T01:12:35Z[UTC],12.34,12
2024-02-24T01:12:47Z[UTC],12.30,12
2024-02-24T01:13:23Z[UTC],12.26,36
2024-02-24T01:13:35Z[UTC],12.14,12
2024-02-24T01:13:47Z[UTC],12.08,12
2024-02-24T01:15:11Z[UTC],12.04,84
2024-02-24T01:15:47Z[UTC],12.11,36
2024-02-24T01:19:11Z[UTC],12.13,204
2024-02-24T01:20:47Z[UTC],12.07,96
2024-02-24T01:21:11Z[UTC],12.19,24
2024-02-24T01:24:11Z[UTC],12.19,180
2024-02-24T01:24:23Z[UTC],12.13,12
2024-02-24T01:24:35Z[UTC],12.10,12
2024-02-24T01:29:11Z[UTC],12.08,276
2024-02-24T01:29:35Z[UTC],12.08,24
2024-02-24T01:29:47Z[UTC],12.04,12
2024-02-24T01:31:47Z[UTC],11.97,120
2024-02-24T01:31:59Z[UTC],12.00,12
2024-02-24T01:34:59Z[UTC],12.05,180
2024-02-24T01:35:47Z[UTC],12.08,48
2024-02-24T01:37:23Z[UTC],12.13,96
2024-02-24T01:39:35Z[UTC],12.08,132
2024-02-24T01:39:47Z[UTC],12.05,12
2024-02-24T01:41:47Z[UTC],12.00,120
2024-02-24T01:42:11Z[UTC],11.96,24
2024-02-24T01:43:47Z[UTC],11.96,96
2024-02-24T01:43:59Z[UTC],11.78,12
2024-02-24T01:44:11Z[UTC],11.78,12
2024-02-24T01:46:23Z[UTC],11.80,132
2024-02-24T01:47:11Z[UTC],11.78,48
2024-02-24T01:48:23Z[UTC],11.75,72
2024-02-24T01:48:35Z[UTC],11.78,12
2024-02-24T01:51:11Z[UTC],11.84,156
2024-02-24T01:51:59Z[UTC],11.91,48
2024-02-24T01:53:35Z[UTC],11.87,96
2024-02-24T01:58:23Z[UTC],11.82,288
2024-02-24T01:59:11Z[UTC],11.77,48
2024-02-24T02:00:47Z[UTC],11.81,96
2024-02-24T02:02:11Z[UTC],11.84,84
2024-02-24T02:04:11Z[UTC],11.81,120
2024-02-24T02:06:11Z[UTC],11.76,120
2024-02-24T02:06:47Z[UTC],11.83,36
2024-02-24T02:08:59Z[UTC],11.87,132
2024-02-24T02:15:59Z[UTC],11.96,420
2024-02-24T02:16:23Z[UTC],11.99,24
2024-02-24T02:17:11Z[UTC],12.07,48
2024-02-24T02:18:23Z[UTC],12.00,72
2024-02-24T02:18:47Z[UTC],12.03,24
2024-02-24T02:18:59Z[UTC],12.07,12
2024-02-24T02:20:23Z[UTC],12.12,84
2024-02-24T02:22:11Z[UTC],12.13,108
2024-02-24T02:23:35Z[UTC],12.22,84
2024-02-24T02:24:59Z[UTC],12.17,84
2024-02-24T02:25:11Z[UTC],12.10,12
2024-02-24T02:28:11Z[UTC],12.08,180
2024-02-24T02:29:59Z[UTC],12.04,108
2024-02-24T02:30:35Z[UTC],12.04,36
2024-02-24T02:32:11Z[UTC],12.04,96
2024-02-24T02:33:35Z[UTC],12.03,84
2024-02-24T02:38:35Z[UTC],12.03,300
2024-02-24T02:39:59Z[UTC],11.95,84
2024-02-24T02:46:11Z[UTC],11.93,372
2024-02-24T02:46:23Z[UTC],11.96,12
2024-02-24T02:52:11Z[UTC],11.97,348
2024-02-24T02:55:47Z[UTC],11.93,216
2024-02-24T02:55:59Z[UTC],11.93,12
2024-02-24T02:58:23Z[UTC],11.93,144
2024-02-24T02:58:47Z[UTC],11.93,24
2024-02-24T03:00:23Z[UTC],12.01,96
2024-02-24T03:25:11Z[UTC],12.01,1488
2024-02-24T03:35:35Z[UTC],11.96,624
2024-02-24T03:43:47Z[UTC],11.99,492
2024-02-24T03:52:47Z[UTC],12.01,540
2024-02-24T04:45:59Z[UTC],12.19,3192
2024-02-24T04:51:11Z[UTC],12.00,312
2024-02-24T05:17:47Z[UTC],12.16,1596
2024-02-24T05:51:59Z[UTC],11.98,2052
2024-02-24T06:16:11Z[UTC],11.94,1452
2024-02-24T06:19:35Z[UTC],11.90,204
2024-02-24T06:44:23Z[UTC],11.88,1488
2024-02-24T07:28:47Z[UTC],12.04,2664
2024-02-24T07:31:11Z[UTC],12.22,144
2024-02-24T07:40:59Z[UTC],12.42,588
2024-02-24T07:41:11Z[UTC],12.73,12
2024-02-24T07:41:47Z[UTC],12.58,36
2024-02-24T07:57:35Z[UTC],12.80,948
2024-02-24T08:06:35Z[UTC],12.60,540
2024-02-24T08:08:59Z[UTC],12.58,144
2024-02-24T09:13:11Z[UTC],12.36,3852
2024-02-24T09:29:47Z[UTC],12.29,996
2024-02-24T09:30:11Z[UTC],12.26,24
2024-02-24T09:45:23Z[UTC],12.46,912
2024-02-24T10:01:47Z[UTC],12.41,984
2024-02-24T11:15:47Z[UTC],12.40,4440
2024-02-24T11:22:23Z[UTC],12.21,396
2024-02-24T12:12:59Z[UTC],11.99,3036
2024-02-24T12:32:47Z[UTC],12.18,1188
2024-02-24T12:46:47Z[UTC],11.99,840
2024-02-24T13:04:59Z[UTC],11.82,1092
2024-02-24T13:31:11Z[UTC],11.82,1572
2024-02-24T14:13:11Z[UTC],11.89,2520
2024-02-24T14:13:47Z[UTC],11.76,36
2024-02-24T14:13:59Z[UTC],11.70,12
2024-02-24T14:14:11Z[UTC],11.63,12
2024-02-24T14:14:23Z[UTC],11.48,12
2024-02-24T14:16:23Z[UTC],11.50,120
2024-02-24T14:24:11Z[UTC],11.57,468
2024-02-24T14:25:35Z[UTC],11.54,84
2024-02-24T14:26:23Z[UTC],11.48,48
2024-02-24T14:26:35Z[UTC],11.42,12
2024-02-24T14:29:35Z[UTC],11.42,180
2024-02-24T14:31:23Z[UTC],11.45,108
2024-02-24T14:31:59Z[UTC],11.48,36
2024-02-24T14:32:35Z[UTC],11.47,36
2024-02-24T14:34:23Z[UTC],11.51,108
2024-02-24T14:34:47Z[UTC],11.48,24
2024-02-24T14:35:23Z[UTC],11.44,36
2024-02-24T14:35:35Z[UTC],11.39,12
2024-02-24T14:35:59Z[UTC],11.35,24
2024-02-24T14:36:11Z[UTC],11.25,12
2024-02-24T14:41:11Z[UTC],11.27,300
2024-02-24T14:41:59Z[UTC],11.17,48
2024-02-24T14:43:47Z[UTC],11.11,108
2024-02-24T14:44:47Z[UTC],11.17,60
2024-02-24T14:49:35Z[UTC],11.17,288
2024-02-24T14:49:59Z[UTC],11.14,24
2024-02-24T14:50:59Z[UTC],11.04,60
2024-02-24T14:52:35Z[UTC],11.05,96
2024-02-24T14:54:47Z[UTC],11.10,132
2024-02-24T14:56:35Z[UTC],11.13,108
2024-02-24T14:58:35Z[UTC],11.08,120
2024-02-24T14:59:11Z[UTC],11.17,36
2024-02-24T14:59:23Z[UTC],11.20,12
2024-02-24T15:01:35Z[UTC],11.27,132
2024-02-24T15:05:23Z[UTC],11.31,228
2024-02-24T15:10:59Z[UTC],11.26,336
2024-02-24T15:14:11Z[UTC],11.21,192
2024-02-24T15:14:35Z[UTC],11.17,24
2024-02-24T15:15:47Z[UTC],11.13,72
2024-02-24T15:16:35Z[UTC],11.19,48
2024-02-24T15:24:59Z[UTC],11.22,504
2024-02-24T15:25:35Z[UTC],11.19,36
2024-02-24T15:27:35Z[UTC],11.16,120
2024-02-24T15:29:11Z[UTC],11.08,96
2024-02-24T15:33:47Z[UTC],11.12,276
2024-02-24T15:37:59Z[UTC],11.06,252
2024-02-24T15:39:47Z[UTC],11.03,108
2024-02-24T15:40:59Z[UTC],11.03,72
2024-02-24T15:41:23Z[UTC],10.95,24
2024-02-24T15:41:35Z[UTC],10.99,12
2024-02-24T15:43:59Z[UTC],11.05,144
2024-02-24T15:44:11Z[UTC],11.08,12
2024-02-24T15:44:35Z[UTC],11.11,24
2024-02-24T15:45:23Z[UTC],11.16,48
2024-02-24T15:45:59Z[UTC],11.21,36
2024-02-24T15:47:35Z[UTC],11.18,96
2024-02-24T15:51:11Z[UTC],11.13,216
2024-02-24T15:58:11Z[UTC],11.08,420
2024-02-24T16:02:23Z[UTC],11.13,252
2024-02-24T16:05:23Z[UTC],11.12,180
2024-02-24T16:06:11Z[UTC],11.14,48
2024-02-24T16:07:47Z[UTC],11.17,96
2024-02-24T16:11:23Z[UTC],11.20,216
2024-02-24T16:19:23Z[UTC],11.17,480
2024-02-24T16:22:47Z[UTC],11.19,204
2024-02-24T16:23:23Z[UTC],11.07,36
2024-02-24T16:27:23Z[UTC],11.06,240
2024-02-24T16:31:11Z[UTC],11.00,228
2024-02-24T16:34:35Z[UTC],11.04,204
2024-02-24T16:34:47Z[UTC],11.07,12
2024-02-24T16:38:11Z[UTC],11.12,204
2024-02-24T16:59:59Z[UTC],11.16,1308
2024-02-24T17:00:11Z[UTC],11.20,12
2024-02-24T17:01:47Z[UTC],11.24,96
2024-02-24T17:03:47Z[UTC],11.20,120
2024-02-24T17:04:23Z[UTC],11.17,36
2024-02-24T17:08:47Z[UTC],11.13,264
2024-02-24T17:30:59Z[UTC],11.18,1332
2024-02-24T17:35:47Z[UTC],11.22,288
2024-02-24T17:36:47Z[UTC],11.26,60
2024-02-24T17:48:59Z[UTC],11.31,732
2024-02-24T18:12:11Z[UTC],11.26,1392
2024-02-24T18:19:35Z[UTC],11.21,444
2024-02-24T18:21:47Z[UTC],11.17,132
2024-02-24T18:23:11Z[UTC],11.13,84
2024-02-24T18:27:35Z[UTC],11.13,264
2024-02-24T18:28:59Z[UTC],11.16,84
2024-02-24T18:31:59Z[UTC],11.16,180
2024-02-24T18:45:23Z[UTC],11.11,804
2024-02-24T18:45:59Z[UTC],11.16,36
2024-02-24T18:57:47Z[UTC],11.17,708
2024-02-24T18:58:11Z[UTC],11.13,24
2024-02-24T19:06:59Z[UTC],11.09,528
2024-02-24T19:08:23Z[UTC],11.15,84
2024-02-24T19:23:59Z[UTC],11.10,936
2024-02-24T19:28:35Z[UTC],11.14,276
2024-02-24T20:02:59Z[UTC],11.18,2064
2024-02-24T20:45:11Z[UTC],11.18,2532
2024-02-24T21:12:47Z[UTC],11.21,1656
2024-02-24T21:39:47Z[UTC],11.16,1620
2024-02-24T21:50:23Z[UTC],11.19,636
2024-02-24T21:50:35Z[UTC],11.23,12
2024-02-24T21:57:23Z[UTC],11.27,408
2024-02-24T22:01:47Z[UTC],11.22,264
2024-02-24T22:04:59Z[UTC],11.20,192
2024-02-24T22:17:23Z[UTC],11.23,744
2024-02-24T22:51:47Z[UTC],11.20,2064
2024-02-24T23:31:59Z[UTC],11.24,2412
2024-02-24T23:32:11Z[UTC],11.28,12
2024-02-24T23:47:59Z[UTC],11.30,948
2024-02-24T23:50:59Z[UTC],11.27,180
2024-02-25T00:07:59Z[UTC],11.27,1020
2024-02-25T00:09:47Z[UTC],11.34,108
2024-02-25T00:12:11Z[UTC],11.33,144
2024-02-25T00:12:35Z[UTC],11.30,24
2024-02-25T00:13:23Z[UTC],11.24,48
2024-02-25T00:16:47Z[UTC],11.20,204
2024-02-25T00:21:59Z[UTC],11.26,312
2024-02-25T00:23:23Z[UTC],11.23,84
2024-02-25T00:23:47Z[UTC],11.19,24
2024-02-25T00:25:47Z[UTC],11.16,120
2024-02-25T00:38:11Z[UTC],11.19,744
2024-02-25T00:40:11Z[UTC],11.22,120
2024-02-25T00:56:11Z[UTC],11.25,960
2024-02-25T00:56:23Z[UTC],11.32,12
2024-02-25T00:56:47Z[UTC],11.38,24
2024-02-25T00:56:59Z[UTC],11.43,12
2024-02-25T00:57:11Z[UTC],11.46,12
2024-02-25T00:57:35Z[UTC],11.54,24
2024-02-25T00:57:59Z[UTC],11.57,24
2024-02-25T01:00:23Z[UTC],11.52,144
2024-02-25T01:00:59Z[UTC],11.46,36
2024-02-25T01:01:23Z[UTC],11.49,24
2024-02-25T01:04:11Z[UTC],11.49,168
2024-02-25T01:04:35Z[UTC],11.46,24
2024-02-25T01:08:47Z[UTC],11.40,252
2024-02-25T01:18:23Z[UTC],11.33,576
2024-02-25T01:31:47Z[UTC],11.36,804
2024-02-25T01:34:35Z[UTC],11.35,168
2024-02-25T01:40:11Z[UTC],11.30,336
2024-02-25T01:40:23Z[UTC],11.34,12
2024-02-25T01:43:47Z[UTC],11.36,204
2024-02-25T01:57:23Z[UTC],11.43,816
2024-02-25T02:00:59Z[UTC],11.41,216
2024-02-25T02:04:35Z[UTC],11.38,216
2024-02-25T02:13:35Z[UTC],11.34,540
2024-02-25T02:15:23Z[UTC],11.31,108
2024-02-25T02:15:59Z[UTC],11.26,36
2024-02-25T02:16:35Z[UTC],11.22,36
2024-02-25T02:25:23Z[UTC],11.19,528
2024-02-25T02:28:59Z[UTC],11.13,216
2024-02-25T02:30:47Z[UTC],11.09,108
2024-02-25T02:30:59Z[UTC],11.04,12
2024-02-25T02:32:59Z[UTC],11.01,120
2024-02-25T02:36:35Z[UTC],10.85,216
2024-02-25T02:41:47Z[UTC],10.89,312
2024-02-25T02:42:11Z[UTC],10.86,24
2024-02-25T02:42:23Z[UTC],10.80,12
2024-02-25T02:45:47Z[UTC],10.77,204
2024-02-25T03:11:59Z[UTC],10.64,1572
2024-02-25T03:16:23Z[UTC],10.56,264
2024-02-25T03:18:47Z[UTC],10.56,144
2024-02-25T03:19:23Z[UTC],10.43,36
2024-02-25T03:21:23Z[UTC],10.31,120
2024-02-25T03:26:23Z[UTC],10.14,300
2024-02-25T03:48:23Z[UTC],10.26,1320
2024-02-25T03:59:47Z[UTC],10.37,684
2024-02-25T03:59:59Z[UTC],10.70,12
2024-02-25T04:15:23Z[UTC],10.50,924
2024-02-25T05:18:35Z[UTC],10.50,3792
2024-02-25T06:53:59Z[UTC],10.62,5724
2024-02-25T08:57:47Z[UTC],10.50,7428
2024-02-25T09:58:59Z[UTC],10.50,3672
2024-02-25T11:41:11Z[UTC],10.63,6132
2024-02-25T11:53:11Z[UTC],10.69,720
2024-02-25T11:54:35Z[UTC],10.76,84
2024-02-25T11:56:47Z[UTC],10.81,132
2024-02-25T12:06:47Z[UTC],10.80,600
2024-02-25T12:07:23Z[UTC],10.83,36
2024-02-25T12:08:35Z[UTC],10.87,72
2024-02-25T12:10:59Z[UTC],10.90,144
2024-02-25T12:11:35Z[UTC],10.87,36
2024-02-25T12:14:59Z[UTC],10.83,204
2024-02-25T12:17:11Z[UTC],10.87,132
2024-02-25T12:19:35Z[UTC],10.83,144
2024-02-25T12:22:35Z[UTC],10.79,180
2024-02-25T12:29:47Z[UTC],10.75,432
2024-02-25T12:32:47Z[UTC],10.72,180
2024-02-25T12:45:23Z[UTC],10.68,756
2024-02-25T12:47:23Z[UTC],10.68,120
2024-02-25T12:52:11Z[UTC],10.71,288
2024-02-25T13:00:35Z[UTC],10.74,504
2024-02-25T13:07:47Z[UTC],10.74,432
2024-02-25T13:09:11Z[UTC],10.77,84
2024-02-25T13:10:23Z[UTC],10.71,72
2024-02-25T13:12:59Z[UTC],10.67,156
2024-02-25T15:15:23Z[UTC],10.61,7344
2024-02-25T17:32:47Z[UTC],10.52,8244
2024-02-25T17:47:47Z[UTC],10.58,900
2024-02-25T17:49:23Z[UTC],10.71,96
2024-02-25T18:05:47Z[UTC],10.74,984
2024-02-25T18:10:59Z[UTC],10.71,312
2024-02-25T18:36:59Z[UTC],10.68,1560
2024-02-25T18:51:59Z[UTC],10.68,900
2024-02-25T19:36:23Z[UTC],10.73,2664
2024-02-25T20:46:23Z[UTC],10.74,4200
2024-02-25T21:14:23Z[UTC],10.70,1680
2024-02-25T21:55:35Z[UTC],10.67,2472
2024-02-25T22:02:23Z[UTC],10.66,408
2024-02-25T22:34:35Z[UTC],10.70,1932
2024-02-25T22:35:23Z[UTC],10.77,48
2024-02-25T22:35:59Z[UTC],10.84,36
2024-02-25T22:36:47Z[UTC],10.88,48
2024-02-25T22:40:47Z[UTC],10.91,240
2024-02-25T22:40:59Z[UTC],10.87,12
2024-02-25T22:45:11Z[UTC],10.83,252
2024-02-25T22:49:23Z[UTC],10.79,252
2024-02-25T22:53:35Z[UTC],10.80,252
2024-02-25T22:57:11Z[UTC],10.77,216
2024-02-25T22:57:59Z[UTC],10.83,48
2024-02-25T22:58:23Z[UTC],10.86,24
2024-02-25T23:00:35Z[UTC],10.90,132
2024-02-25T23:13:11Z[UTC],10.89,756
2024-02-25T23:20:59Z[UTC],10.86,468
2024-02-25T23:26:35Z[UTC],10.90,336
2024-02-25T23:26:59Z[UTC],10.95,24
2024-02-25T23:27:23Z[UTC],11.02,24
2024-02-25T23:27:35Z[UTC],10.98,12
2024-02-25T23:27:47Z[UTC],11.05,12
2024-02-25T23:34:11Z[UTC],11.04,384
2024-02-25T23:34:47Z[UTC],11.01,36
2024-02-25T23:37:59Z[UTC],10.97,192
2024-02-25T23:39:11Z[UTC],10.97,72
2024-02-25T23:44:11Z[UTC],10.97,300
2024-02-25T23:53:23Z[UTC],11.01,552
2024-02-25T23:54:35Z[UTC],11.04,72
2024-02-25T23:54:47Z[UTC],11.09,12
2024-02-25T23:54:59Z[UTC],11.08,12
2024-02-26T00:01:11Z[UTC],11.11,372
2024-02-26T00:06:47Z[UTC],11.07,336
2024-02-26T00:10:59Z[UTC],11.04,252
2024-02-26T00:14:23Z[UTC],11.01,204
2024-02-26T00:20:59Z[UTC],10.98,396
2024-02-26T00:21:23Z[UTC],10.95,24
2024-02-26T00:26:23Z[UTC],10.92,300
2024-02-26T00:26:47Z[UTC],10.84,24
2024-02-26T00:33:23Z[UTC],10.84,396
2024-02-26T00:52:23Z[UTC],10.87,1140
2024-02-26T00:53:11Z[UTC],10.91,48
2024-02-26T00:54:11Z[UTC],10.94,60
2024-02-26T00:54:35Z[UTC],10.97,24
2024-02-26T00:57:35Z[UTC],11.00,180
2024-02-26T00:59:23Z[UTC],11.04,108
2024-02-26T01:01:59Z[UTC],11.05,156
2024-02-26T01:05:35Z[UTC],11.04,216
2024-02-26T01:13:23Z[UTC],11.01,468
2024-02-26T01:13:35Z[UTC],10.98,12
2024-02-26T01:17:23Z[UTC],10.95,228
2024-02-26T01:24:47Z[UTC],10.98,444
2024-02-26T01:37:47Z[UTC],11.01,780
2024-02-26T01:41:35Z[UTC],10.98,228
2024-02-26T01:42:47Z[UTC],10.95,72
2024-02-26T01:44:23Z[UTC],10.91,96
2024-02-26T02:03:35Z[UTC],10.94,1152
2024-02-26T02:07:23Z[UTC],10.94,228
2024-02-26T02:08:23Z[UTC],10.97,60
2024-02-26T02:13:11Z[UTC],10.99,288
2024-02-26T02:17:35Z[UTC],11.02,264
2024-02-26T02:20:23Z[UTC],11.04,168
2024-02-26T02:21:35Z[UTC],11.08,72
2024-02-26T02:23:23Z[UTC],11.11,108
2024-02-26T02:28:11Z[UTC],11.20,288
2024-02-26T02:29:23Z[UTC],11.24,72
2024-02-26T02:31:11Z[UTC],11.30,108
2024-02-26T02:31:59Z[UTC],11.35,48
2024-02-26T02:32:23Z[UTC],11.43,24
2024-02-26T02:33:11Z[UTC],11.40,48
2024-02-26T02:33:35Z[UTC],11.35,24
2024-02-26T02:36:59Z[UTC],11.31,204
2024-02-26T02:40:11Z[UTC],11.36,192
2024-02-26T02:44:47Z[UTC],11.39,276
2024-02-26T02:50:11Z[UTC],11.33,324
2024-02-26T02:55:59Z[UTC],11.39,348
2024-02-26T02:57:23Z[UTC],11.36,84
2024-02-26T02:57:59Z[UTC],11.33,36
2024-02-26T03:02:23Z[UTC],11.29,264
2024-02-26T03:02:35Z[UTC],11.24,12
2024-02-26T03:05:59Z[UTC],11.22,204
2024-02-26T03:26:47Z[UTC],11.17,1248
2024-02-26T03:49:47Z[UTC],11.14,1380
2024-02-26T04:04:11Z[UTC],11.09,864
2024-02-26T04:13:47Z[UTC],11.05,576
2024-02-26T04:21:59Z[UTC],11.05,492
2024-02-26T04:38:47Z[UTC],11.07,1008
2024-02-26T04:40:35Z[UTC],11.04,108
2024-02-26T05:12:59Z[UTC],10.96,1944
2024-02-26T06:00:59Z[UTC],10.91,2880
2024-02-26T06:34:35Z[UTC],10.86,2016
2024-02-26T07:01:59Z[UTC],10.89,1644
2024-02-26T07:04:59Z[UTC],10.85,180
2024-02-26T07:08:47Z[UTC],10.80,228
2024-02-26T07:08:59Z[UTC],10.75,12
2024-02-26T08:08:47Z[UTC],10.65,3588
2024-02-26T08:28:11Z[UTC],10.60,1164
2024-02-26T08:30:23Z[UTC],10.69,132
2024-02-26T09:08:11Z[UTC],10.73,2268
2024-02-26T09:17:23Z[UTC],10.68,552
2024-02-26T09:24:23Z[UTC],10.65,420
2024-02-26T10:02:23Z[UTC],10.58,2280
2024-02-26T10:19:23Z[UTC],10.68,1020
2024-02-26T11:07:23Z[UTC],10.65,2880
2024-02-26T11:35:47Z[UTC],10.50,1704
2024-02-26T11:48:23Z[UTC],10.51,756
2024-02-26T15:08:59Z[UTC],10.53,12036
2024-02-26T15:09:23Z[UTC],10.72,24
2024-02-26T15:15:23Z[UTC],10.79,360
2024-02-26T15:15:59Z[UTC],10.75,36
2024-02-26T15:18:47Z[UTC],10.75,168
2024-02-26T15:25:47Z[UTC],10.80,420
2024-02-26T15:25:59Z[UTC],10.85,12
2024-02-26T15:26:23Z[UTC],11.03,24
2024-02-26T15:27:47Z[UTC],11.22,84
2024-02-26T15:28:59Z[UTC],11.36,72
2024-02-26T15:29:47Z[UTC],11.42,48
2024-02-26T15:30:35Z[UTC],11.47,48
2024-02-26T15:31:47Z[UTC],11.41,72
2024-02-26T15:34:35Z[UTC],11.31,168
2024-02-26T15:36:11Z[UTC],11.26,96
2024-02-26T15:37:11Z[UTC],11.19,60
2024-02-26T15:37:59Z[UTC],11.09,48
2024-02-26T15:44:11Z[UTC],10.98,372
2024-02-26T15:46:35Z[UTC],10.91,144
2024-02-26T15:48:35Z[UTC],10.84,120
2024-02-26T16:15:23Z[UTC],10.79,1608
2024-02-26T16:15:59Z[UTC],10.75,36
2024-02-26T16:25:11Z[UTC],10.63,552
2024-02-26T16:39:59Z[UTC],10.72,888
2024-02-26T17:07:59Z[UTC],10.76,1680
2024-02-26T17:21:23Z[UTC],10.70,804
2024-02-26T18:17:47Z[UTC],10.64,3384
2024-02-26T19:05:59Z[UTC],10.61,2892
2024-02-26T19:08:59Z[UTC],10.41,180
2024-02-26T19:24:47Z[UTC],10.44,948
2024-02-26T19:25:35Z[UTC],10.44,48
2024-02-26T19:31:35Z[UTC],10.45,360
2024-02-26T21:25:35Z[UTC],10.46,6840
2024-02-26T21:25:47Z[UTC],10.70,12
2024-02-26T21:34:59Z[UTC],10.56,552
2024-02-26T22:47:47Z[UTC],10.66,4368
2024-02-27T00:38:47Z[UTC],10.66,6660
2024-02-27T02:45:23Z[UTC],10.60,7596
2024-02-27T02:52:23Z[UTC],10.60,420
2024-02-27T03:53:11Z[UTC],10.70,3648
2024-02-27T04:12:47Z[UTC],10.66,1176
2024-02-27T04:13:59Z[UTC],10.66,72
2024-02-27T04:19:47Z[UTC],10.70,348
2024-02-27T04:41:35Z[UTC],10.67,1308
2024-02-27T05:36:11Z[UTC],10.58,3276
2024-02-27T05:42:47Z[UTC],10.68,396
2024-02-27T06:34:11Z[UTC],10.75,3084
2024-02-27T07:20:11Z[UTC],10.71,2760
2024-02-27T07:24:23Z[UTC],10.75,252
2024-02-27T07:24:59Z[UTC],10.80,36
2024-02-27T07:25:47Z[UTC],10.83,48
2024-02-27T07:31:11Z[UTC],10.86,324
2024-02-27T07:39:11Z[UTC],10.80,480
2024-02-27T07:41:23Z[UTC],10.85,132
2024-02-27T07:52:23Z[UTC],10.88,660
2024-02-27T07:57:11Z[UTC],10.83,288
2024-02-27T08:07:47Z[UTC],10.80,636
2024-02-27T08:20:23Z[UTC],10.84,756
2024-02-27T08:57:59Z[UTC],10.91,2256
2024-02-27T08:58:47Z[UTC],10.95,48
2024-02-27T09:05:47Z[UTC],10.99,420
2024-02-27T09:06:35Z[UTC],11.02,48
2024-02-27T09:07:11Z[UTC],11.06,36
2024-02-27T09:13:59Z[UTC],11.12,408
2024-02-27T09:16:59Z[UTC],11.16,180
2024-02-27T09:27:11Z[UTC],11.11,612
2024-02-27T09:43:59Z[UTC],11.07,1008
2024-02-27T10:04:47Z[UTC],11.03,1248
2024-02-27T10:06:23Z[UTC],11.07,96
2024-02-27T10:08:23Z[UTC],11.10,120
2024-02-27T10:32:47Z[UTC],11.14,1464
2024-02-27T10:35:23Z[UTC],11.09,156
2024-02-27T10:46:11Z[UTC],11.05,648
2024-02-27T11:23:35Z[UTC],11.05,2244
2024-02-27T11:35:35Z[UTC],11.02,720
2024-02-27T12:49:47Z[UTC],10.97,4452
2024-02-27T13:01:23Z[UTC],10.94,696
2024-02-27T13:26:47Z[UTC],10.87,1524
2024-02-27T13:28:11Z[UTC],10.82,84
2024-02-27T13:47:23Z[UTC],10.78,1152
2024-02-27T13:47:35Z[UTC],10.79,12
2024-02-27T14:42:23Z[UTC],10.82,3288
2024-02-27T14:44:47Z[UTC],10.78,144
2024-02-27T14:52:47Z[UTC],10.73,480
2024-02-27T15:34:35Z[UTC],10.68,2508
2024-02-27T15:54:59Z[UTC],10.67,1224
2024-02-27T16:12:47Z[UTC],10.59,1068
2024-02-27T16:46:11Z[UTC],10.74,2004
2024-02-27T16:47:47Z[UTC],10.84,96
2024-02-27T16:49:11Z[UTC],10.89,84
2024-02-27T16:50:35Z[UTC],10.94,84
2024-02-27T16:50:59Z[UTC],10.98,24
2024-02-27T17:07:11Z[UTC],11.03,972
2024-02-27T17:16:23Z[UTC],11.11,552
2024-02-27T17:23:35Z[UTC],11.05,432
2024-02-27T17:28:23Z[UTC],11.00,288
2024-02-27T17:29:59Z[UTC],11.05,96
2024-02-27T17:30:23Z[UTC],11.09,24
2024-02-27T17:31:35Z[UTC],11.11,72
2024-02-27T17:32:59Z[UTC],11.05,84
2024-02-27T17:50:47Z[UTC],11.01,1068
2024-02-27T17:51:47Z[UTC],10.95,60
2024-02-27T18:02:47Z[UTC],10.91,660
2024-02-27T18:40:23Z[UTC],10.91,2256
2024-02-27T19:29:23Z[UTC],10.87,2940
2024-02-27T19:37:11Z[UTC],10.82,468
2024-02-27T20:11:35Z[UTC],10.77,2064
2024-02-27T20:25:23Z[UTC],10.78,828
2024-02-27T21:03:47Z[UTC],10.76,2304
2024-02-27T21:28:35Z[UTC],10.71,1488
2024-02-27T22:00:11Z[UTC],10.71,1896
2024-02-27T22:46:35Z[UTC],10.75,2784
2024-02-27T23:37:47Z[UTC],10.77,3072
2024-02-27T23:47:23Z[UTC],10.80,576
2024-02-28T00:08:11Z[UTC],10.84,1248
2024-02-28T00:09:11Z[UTC],10.89,60
2024-02-28T00:20:35Z[UTC],10.93,684
2024-02-28T00:22:23Z[UTC],10.96,108
2024-02-28T00:31:47Z[UTC],11.01,564
2024-02-28T01:15:35Z[UTC],11.04,2628
2024-02-28T01:15:59Z[UTC],11.07,24
2024-02-28T01:18:47Z[UTC],11.11,168
2024-02-28T01:33:35Z[UTC],11.14,888
2024-02-28T01:38:23Z[UTC],11.10,288
2024-02-28T01:48:23Z[UTC],11.07,600
2024-02-28T02:18:11Z[UTC],11.10,1788
2024-02-28T02:19:47Z[UTC],11.14,96
2024-02-28T02:25:35Z[UTC],11.19,348
2024-02-28T02:32:47Z[UTC],11.15,432
2024-02-28T02:49:47Z[UTC],11.12,1020
2024-02-28T03:09:23Z[UTC],11.08,1176
2024-02-28T03:11:23Z[UTC],11.05,120
2024-02-28T03:22:59Z[UTC],10.99,696
2024-02-28T03:32:23Z[UTC],10.96,564
2024-02-28T03:35:35Z[UTC],10.93,192
2024-02-28T04:33:11Z[UTC],10.89,3456
2024-02-28T04:34:47Z[UTC],10.94,96
2024-02-28T04:35:59Z[UTC],10.97,72
2024-02-28T04:41:11Z[UTC],11.01,312
2024-02-28T04:49:59Z[UTC],11.05,528
2024-02-28T05:37:47Z[UTC],11.09,2868
2024-02-28T06:10:11Z[UTC],11.06,1944
2024-02-28T06:32:47Z[UTC],11.02,1356
2024-02-28T06:58:11Z[UTC],11.07,1524
2024-02-28T07:00:11Z[UTC],11.10,120
2024-02-28T07:06:35Z[UTC],11.15,384
2024-02-28T07:44:23Z[UTC],11.11,2268
2024-02-28T07:56:47Z[UTC],11.05,744
2024-02-28T08:13:11Z[UTC],11.02,984
2024-02-28T08:16:23Z[UTC],10.98,192
2024-02-28T08:45:47Z[UTC],10.94,1764
2024-02-28T08:58:59Z[UTC],10.92,792
2024-02-28T09:02:47Z[UTC],10.88,228
2024-02-28T09:06:11Z[UTC],10.76,204
2024-02-28T09:25:59Z[UTC],10.70,1188
2024-02-28T09:33:11Z[UTC],10.69,432
2024-02-28T09:37:59Z[UTC],10.74,288
2024-02-28T09:41:23Z[UTC],10.78,204
2024-02-28T09:42:59Z[UTC],10.82,96
2024-02-28T09:45:59Z[UTC],10.88,180
2024-02-28T09:47:59Z[UTC],10.92,120
2024-02-28T09:54:47Z[UTC],10.96,408
2024-02-28T10:41:11Z[UTC],10.91,2784
2024-02-28T10:42:59Z[UTC],10.87,108
2024-02-28T10:54:35Z[UTC],10.82,696
2024-02-28T11:21:35Z[UTC],10.87,1620
2024-02-28T11:38:47Z[UTC],10.81,1032
2024-02-28T11:50:59Z[UTC],10.76,732
2024-02-28T11:52:35Z[UTC],10.71,96
2024-02-28T13:27:59Z[UTC],10.66,5724
2024-02-28T13:36:11Z[UTC],10.70,492
2024-02-28T13:37:23Z[UTC],10.76,72
2024-02-28T13:44:11Z[UTC],10.81,408
2024-02-28T13:48:11Z[UTC],10.86,240
2024-02-28T14:07:35Z[UTC],10.82,1164
2024-02-28T14:23:11Z[UTC],10.88,936
2024-02-28T14:27:47Z[UTC],10.81,276
2024-02-28T15:04:59Z[UTC],10.75,2232
2024-02-28T15:22:35Z[UTC],10.69,1056
2024-02-28T15:25:11Z[UTC],10.74,156
2024-02-28T16:21:11Z[UTC],10.80,3360
2024-02-28T16:24:47Z[UTC],10.83,216
2024-02-28T16:29:23Z[UTC],10.78,276
2024-02-28T16:46:47Z[UTC],10.86,1044
2024-02-28T16:55:11Z[UTC],10.93,504
2024-02-28T16:56:23Z[UTC],10.98,72
2024-02-28T17:04:23Z[UTC],10.99,480
2024-02-28T17:10:23Z[UTC],11.02,360
2024-02-28T17:24:59Z[UTC],11.09,876
2024-02-28T17:25:47Z[UTC],11.01,48
2024-02-28T17:26:35Z[UTC],10.94,48
2024-02-28T17:26:47Z[UTC],10.85,12
2024-02-28T17:30:35Z[UTC],10.89,228
2024-02-28T17:31:11Z[UTC],10.78,36
2024-02-28T17:31:23Z[UTC],10.69,12
2024-02-28T18:23:47Z[UTC],10.55,3144
2024-02-28T18:26:59Z[UTC],10.24,192
2024-02-28T18:50:11Z[UTC],10.21,1392
2024-02-28T20:50:35Z[UTC],10.52,7224
2024-02-28T20:52:59Z[UTC],10.69,144
2024-02-28T20:59:47Z[UTC],10.73,408
2024-02-28T21:05:35Z[UTC],10.78,348
2024-02-28T21:12:47Z[UTC],10.83,432
2024-02-28T21:24:35Z[UTC],10.87,708
2024-02-28T21:51:35Z[UTC],10.82,1620
2024-02-28T22:44:47Z[UTC],10.87,3192
2024-02-28T22:54:11Z[UTC],10.87,564
2024-02-28T23:30:35Z[UTC],10.82,2184
2024-02-28T23:34:35Z[UTC],10.90,240
2024-02-28T23:34:47Z[UTC],10.95,12
2024-02-28T23:48:23Z[UTC],10.99,816
2024-02-29T00:17:47Z[UTC],10.95,1764
2024-02-29T00:28:47Z[UTC],11.01,660
2024-02-29T00:48:47Z[UTC],11.06,1200
2024-02-29T00:52:11Z[UTC],11.01,204
2024-02-29T01:21:23Z[UTC],10.97,1752
2024-02-29T01:22:23Z[UTC],11.03,60
2024-02-29T01:25:35Z[UTC],11.08,192
2024-02-29T01:29:11Z[UTC],11.04,216
2024-02-29T02:17:59Z[UTC],10.99,2928
2024-02-29T02:20:35Z[UTC],10.95,156
2024-02-29T02:26:59Z[UTC],10.92,384
2024-02-29T03:24:59Z[UTC],10.88,3480
2024-02-29T03:27:35Z[UTC],10.84,156
2024-02-29T03:43:35Z[UTC],10.81,960
2024-02-29T04:10:23Z[UTC],10.81,1608
2024-02-29T04:27:11Z[UTC],10.86,1008
2024-02-29T04:36:35Z[UTC],10.82,564
2024-02-29T04:56:23Z[UTC],10.78,1188
2024-02-29T05:09:47Z[UTC],10.84,804
2024-02-29T05:11:59Z[UTC],10.88,132
2024-02-29T05:13:47Z[UTC],10.94,108
2024-02-29T05:14:35Z[UTC],11.00,48
2024-02-29T05:18:47Z[UTC],11.05,252
2024-02-29T05:20:11Z[UTC],11.00,84
2024-02-29T05:30:47Z[UTC],10.96,636
2024-02-29T05:38:23Z[UTC],11.03,456
2024-02-29T05:40:23Z[UTC],11.08,120
2024-02-29T05:42:11Z[UTC],11.13,108
2024-02-29T05:42:47Z[UTC],11.19,36
2024-02-29T05:43:59Z[UTC],11.26,72
2024-02-29T05:44:23Z[UTC],11.34,24
2024-02-29T05:47:47Z[UTC],11.41,204
2024-02-29T05:49:59Z[UTC],11.36,132
2024-02-29T05:52:23Z[UTC],11.31,144
2024-02-29T05:54:11Z[UTC],11.25,108
2024-02-29T05:59:11Z[UTC],11.20,300
2024-02-29T06:17:11Z[UTC],11.25,1080
2024-02-29T06:19:35Z[UTC],11.20,144
2024-02-29T06:29:59Z[UTC],11.16,624
2024-02-29T06:32:23Z[UTC],11.09,144
2024-02-29T07:03:47Z[UTC],11.05,1884
2024-02-29T07:13:47Z[UTC],10.99,600
2024-02-29T07:20:35Z[UTC],10.94,408
2024-02-29T07:40:47Z[UTC],10.89,1212
2024-02-29T07:42:11Z[UTC],10.85,84
2024-02-29T08:27:47Z[UTC],10.84,2736
2024-02-29T08:38:59Z[UTC],10.80,672
2024-02-29T08:50:11Z[UTC],10.82,672
2024-02-29T08:55:59Z[UTC],10.87,348
2024-02-29T09:00:23Z[UTC],10.91,264
2024-02-29T09:05:11Z[UTC],10.95,288
2024-02-29T09:11:59Z[UTC],11.02,408
2024-02-29T09:20:47Z[UTC],11.06,528
2024-02-29T09:21:59Z[UTC],10.96,72
2024-02-29T09:27:11Z[UTC],11.03,312
2024-02-29T09:31:11Z[UTC],10.98,240
2024-02-29T09:36:23Z[UTC],10.90,312
2024-02-29T10:25:23Z[UTC],10.96,2940
2024-02-29T10:31:23Z[UTC],11.03,360
2024-02-29T10:35:23Z[UTC],11.07,240
2024-02-29T11:21:47Z[UTC],11.13,2784
2024-02-29T11:30:11Z[UTC],11.23,504
2024-02-29T11:32:11Z[UTC],11.29,120
2024-02-29T11:35:35Z[UTC],11.35,204
2024-02-29T11:40:35Z[UTC],11.42,300
2024-02-29T11:44:23Z[UTC],11.32,228
2024-02-29T11:45:47Z[UTC],11.26,84
2024-02-29T11:51:11Z[UTC],11.19,324
2024-02-29T11:56:11Z[UTC],11.13,300
2024-02-29T12:07:59Z[UTC],11.07,708
2024-02-29T12:10:47Z[UTC],11.01,168
2024-02-29T12:11:35Z[UTC],10.95,48
2024-02-29T12:18:35Z[UTC],10.89,420
2024-02-29T12:33:23Z[UTC],10.95,888
2024-02-29T13:22:23Z[UTC],10.93,2940
2024-02-29T13:33:23Z[UTC],10.87,660
2024-02-29T14:02:47Z[UTC],10.91,1764
2024-02-29T14:22:59Z[UTC],10.89,1212
2024-02-29T14:26:47Z[UTC],10.95,228
2024-02-29T14:37:59Z[UTC],11.01,672
2024-02-29T14:41:11Z[UTC],10.95,192
2024-02-29T15:04:47Z[UTC],10.90,1416
2024-02-29T15:45:23Z[UTC],10.83,2436
2024-02-29T15:47:23Z[UTC],10.89,120
2024-02-29T15:55:23Z[UTC],10.96,480
2024-02-29T16:12:23Z[UTC],10.91,1020
2024-02-29T16:18:47Z[UTC],10.97,384
2024-02-29T16:20:35Z[UTC],10.90,108
2024-02-29T16:24:11Z[UTC],10.97,216
2024-02-29T16:24:59Z[UTC],11.03,48
2024-02-29T16:25:11Z[UTC],11.11,12
2024-02-29T16:25:59Z[UTC],11.24,48
2024-02-29T16:29:47Z[UTC],11.34,228
2024-02-29T16:30:11Z[UTC],11.46,24
2024-02-29T16:30:23Z[UTC],11.50,12
2024-02-29T16:30:47Z[UTC],11.64,24
2024-02-29T16:31:35Z[UTC],11.73,48
2024-02-29T16:31:59Z[UTC],11.81,24
2024-02-29T16:32:35Z[UTC],11.73,36
2024-02-29T16:33:35Z[UTC],11.80,60
2024-02-29T16:34:59Z[UTC],11.75,84
2024-02-29T16:35:35Z[UTC],11.66,36
2024-02-29T16:36:23Z[UTC],11.60,48
2024-02-29T16:37:11Z[UTC],11.65,48
2024-02-29T16:38:11Z[UTC],11.73,60
2024-02-29T16:39:59Z[UTC],11.89,108
2024-02-29T16:40:11Z[UTC],11.50,12
2024-02-29T16:40:23Z[UTC],11.52,12
2024-02-29T16:41:23Z[UTC],11.41,60
2024-02-29T16:41:47Z[UTC],11.32,24
2024-02-29T16:42:11Z[UTC],11.42,24
2024-02-29T16:42:47Z[UTC],11.49,36
2024-02-29T16:44:11Z[UTC],11.56,84
2024-02-29T16:44:23Z[UTC],11.50,12
2024-02-29T16:44:35Z[UTC],11.46,12
2024-02-29T16:47:35Z[UTC],11.54,180
2024-02-29T16:48:47Z[UTC],11.48,72
2024-02-29T16:58:35Z[UTC],11.42,588
2024-02-29T17:03:35Z[UTC],11.37,300
2024-02-29T17:05:35Z[UTC],11.29,120
2024-02-29T17:15:11Z[UTC],11.22,576
2024-02-29T17:16:47Z[UTC],11.30,96
2024-02-29T17:18:23Z[UTC],11.36,96
2024-02-29T17:18:35Z[UTC],11.43,12
2024-02-29T17:20:47Z[UTC],11.49,132
2024-02-29T17:23:11Z[UTC],11.55,144
2024-02-29T17:26:11Z[UTC],11.46,180
2024-02-29T17:28:11Z[UTC],11.50,120
2024-02-29T17:33:47Z[UTC],11.56,336
2024-02-29T17:34:35Z[UTC],11.62,48
2024-02-29T17:34:59Z[UTC],11.68,24
2024-02-29T17:38:59Z[UTC],11.75,240
2024-02-29T17:41:59Z[UTC],11.68,180
2024-02-29T17:42:11Z[UTC],11.62,12
2024-02-29T17:46:47Z[UTC],11.54,276
2024-02-29T17:52:23Z[UTC],11.63,336
2024-02-29T18:03:23Z[UTC],11.57,660
2024-02-29T18:05:59Z[UTC],11.57,156
2024-02-29T18:12:35Z[UTC],11.79,396
2024-02-29T18:20:23Z[UTC],11.74,468
2024-02-29T18:34:11Z[UTC],11.67,828
2024-02-29T18:37:11Z[UTC],11.61,180
2024-02-29T18:39:59Z[UTC],11.55,168
2024-02-29T18:44:11Z[UTC],11.49,252
2024-02-29T18:48:35Z[UTC],11.44,264
2024-02-29T18:49:47Z[UTC],11.38,72
2024-02-29T19:16:59Z[UTC],11.34,1632
2024-02-29T19:24:47Z[UTC],11.38,468
2024-02-29T19:25:23Z[UTC],11.43,36
2024-02-29T19:31:23Z[UTC],11.45,360
2024-02-29T20:27:59Z[UTC],11.49,3396
2024-02-29T21:07:47Z[UTC],11.55,2388
2024-02-29T21:10:59Z[UTC],11.47,192
2024-02-29T21:23:47Z[UTC],11.41,768
2024-02-29T21:28:59Z[UTC],11.35,312
2024-02-29T21:38:23Z[UTC],11.29,564
2024-02-29T21:40:47Z[UTC],11.20,144
2024-02-29T21:55:23Z[UTC],11.21,876
2024-02-29T22:01:59Z[UTC],11.29,396
2024-02-29T22:07:11Z[UTC],11.35,312
2024-02-29T22:19:11Z[UTC],11.29,720
2024-02-29T22:20:11Z[UTC],11.23,60
2024-02-29T22:28:23Z[UTC],11.15,492
2024-02-29T22:29:35Z[UTC],11.09,72
2024-02-29T22:32:23Z[UTC],11.04,168
2024-02-29T22:36:59Z[UTC],11.09,276
2024-02-29T22:37:47Z[UTC],11.04,48
2024-02-29T22:41:59Z[UTC],10.97,252
2024-02-29T22:49:35Z[UTC],10.90,456
2024-02-29T23:02:35Z[UTC],10.95,780
2024-02-29T23:05:23Z[UTC],11.00,168
2024-02-29T23:13:47Z[UTC],11.05,504
2024-02-29T23:22:11Z[UTC],11.09,504
2024-02-29T23:25:23Z[UTC],11.14,192
2024-02-29T23:31:47Z[UTC],11.19,384
2024-02-29T23:51:23Z[UTC],11.24,1176
2024-02-29T23:58:11Z[UTC],11.19,408
2024-03-01T00:17:11Z[UTC],11.14,1140
2024-03-01T01:11:47Z[UTC],11.20,3276
2024-03-01T01:14:23Z[UTC],11.25,156
2024-03-01T01:16:59Z[UTC],11.30,156
2024-03-01T01:18:23Z[UTC],11.34,84
2024-03-01T01:25:47Z[UTC],11.26,444
2024-03-01T01:30:47Z[UTC],11.30,300
2024-03-01T01:38:35Z[UTC],11.20,468
2024-03-01T01:41:23Z[UTC],11.13,168
2024-03-01T01:45:59Z[UTC],11.17,276
2024-03-01T02:01:47Z[UTC],11.22,948
2024-03-01T02:09:35Z[UTC],11.17,468
2024-03-01T02:15:11Z[UTC],11.11,336
2024-03-01T02:28:35Z[UTC],11.06,804
2024-03-01T02:36:11Z[UTC],11.11,456
2024-03-01T03:16:23Z[UTC],11.06,2412
2024-03-01T03:26:11Z[UTC],11.03,588
2024-03-01T03:59:11Z[UTC],10.99,1980
2024-03-01T04:31:59Z[UTC],11.03,1968
2024-03-01T05:05:11Z[UTC],11.02,1992
2024-03-01T05:18:23Z[UTC],10.97,792
2024-03-01T06:25:47Z[UTC],11.01,4044
2024-03-01T06:35:59Z[UTC],11.01,612
2024-03-01T06:42:11Z[UTC],10.96,372
2024-03-01T06:44:11Z[UTC],10.99,120
2024-03-01T06:45:11Z[UTC],11.03,60
2024-03-01T06:45:35Z[UTC],11.07,24
2024-03-01T06:48:23Z[UTC],11.12,168
2024-03-01T07:15:35Z[UTC],11.07,1632
2024-03-01T07:28:47Z[UTC],11.04,792
2024-03-01T07:35:35Z[UTC],10.99,408
2024-03-01T07:46:11Z[UTC],10.93,636
2024-03-01T08:37:23Z[UTC],10.88,3072
2024-03-01T08:41:59Z[UTC],10.94,276
2024-03-01T09:31:35Z[UTC],10.98,2976
