blockNum,transactionHash,address,data,topic1,topic2,topic3,topic4,topic5
19290849,0xbbf83767ad837cad3de2ff94fd9263c58e7f14d32286e2ba9d18b4eef8700671,0x50ce56a3239671ab62f185704caedf626352741e,0x00000000000000000000000000000000000000000000000000000000006f3211,0x46eec4e0eeeef5830de3472bb39db7e52b1c809286dc87c4b85b20e003cc70c3,0xfba01d52a7cd84480d0573725899486a0b5e55c20ff45d6628874349375d1650,,,,
19290856,0x60c8d0e74e8e2758cd4241eded577357235bed1bbcc89e101be0f2665865ad14,0x50ce56a3239671ab62f185704caedf626352741e,0x0000000000000000000000000000000000000000000000000000000000713144,0x46eec4e0eeeef5830de3472bb39db7e52b1c809286dc87c4b85b20e003cc70c3,0xfba01d52a7cd84480d0573725899486a0b5e55c20ff45d6628874349375d1650,,,,
19290857,0x8aebd11b95e2ed202c4f653d14bb03974453feff1e35a081b481082922535490,0x50ce56a3239671ab62f185704caedf626352741e,0x00000000000000000000000000000000000000000000000000000000b042d550,0x46eec4e0eeeef5830de3472bb39db7e52b1c809286dc87c4b85b20e003cc70c3,0xaaaebeba3810b1e6b70781f14b2d72c1cb89c0b2b320c43bb67ff79f562f5ff4,,,,
19290861,0xda80f68cd5aa090db3b8ae35eac3bea4f55df0f4c9288bd4fe6e35d4c9a1ae49,0x50ce56a3239671ab62f185704caedf626352741e,0x000000000000000000000000000000000000000000000000000000000072e039,0x46eec4e0eeeef5830de3472bb39db7e52b1c809286dc87c4b85b20e003cc70c3,0xfba01d52a7cd84480d0573725899486a0b5e55c20ff45d6628874349375d1650,,,,
19290866,0xac817d0270b138ba4ba4d2db61c9af2b1ca91f0ec554387103eaa96f4d0669f9,0x50ce56a3239671ab62f185704caedf626352741e,0x00000000000000000000000000000000000000000000000000000000007622ed,0x46eec4e0eeeef5830de3472bb39db7e52b1c809286dc87c4b85b20e003cc70c3,0xfba01d52a7cd84480d0573725899486a0b5e55c20ff45d6628874349375d1650,,,,
19290869,0x0aa15c8ff1ec17d2fe49afa075202db96f00f0a9774b8b78f0cdc19ed4d8da83,0x50ce56a3239671ab62f185704caedf626352741e,0x000000000000000000000000000000000000000000000000000000000013dd0e,0x46eec4e0eeeef5830de3472bb39db7e52b1c809286dc87c4b85b20e003cc70c3,0xbbf304add43db0a05d104474683215530b076be1dfdf72a4d53a1e443d8e4c21,,,,
19290869,0x7f8b595affb9b6deda5ed0f2e24772c2cd7b5f58c82257dd30cff0e57b37ddc5,0x50ce56a3239671ab62f185704caedf626352741e,0x0000000000000000000000000000000000000000000000000000000000780f8c,0x46eec4e0eeeef5830de3472bb39db7e52b1c809286dc87c4b85b20e003cc70c3,0xfba01d52a7cd84480d0573725899486a0b5e55c20ff45d6628874349375d1650,,,,
19290871,0x501e7e0c4cf1e1896c406406f93d267be4e82d9e2cfacf110b83d852cf7f5aee,0x50ce56a3239671ab62f185704caedf626352741e,0x00000000000000000000000000000000000000000000000000000000038c477d,0x46eec4e0eeeef5830de3472bb39db7e52b1c809286dc87c4b85b20e003cc70c3,0xb6dbcaeee318e11fe1e87d4af04bdd7b4d6a3f13307225dc7ee72f7c085ab454,,,,
19290874,0x9234eea283a54542cffa8a063e0d22f730b6091eb281ad1730c1324a98006f27,0x50ce56a3239671ab62f185704caedf626352741e,0x00000000000000000000000000000000000000000000000000000000007c25ea,0x46eec4e0eeeef5830de3472bb39db7e52b1c809286dc87c4b85b20e003cc70c3,0xfba01d52a7cd84480d0573725899486a0b5e55c20ff45d6628874349375d1650,,,,
19290876,0xbc30fe342e41d4e89cdea4a2c49d6cf7824d0fb8538f833dcce7f20bb0f671d1,0x50ce56a3239671ab62f185704caedf626352741e,0x000000000000000000000000000000000000000000000000000000000079b8b2,0x46eec4e0eeeef5830de3472bb39db7e52b1c809286dc87c4b85b20e003cc70c3,0xfba01d52a7cd84480d0573725899486a0b5e55c20ff45d6628874349375d1650,,,,
19290879,0xa33ed8fc625774b0155493e6c4abc3318eedc095eefe16287d9bdc6c683f9047,0x50ce56a3239671ab62f185704caedf626352741e,0x00000000000000000000000000000000000000000000000000000000007b22c8,0x46eec4e0eeeef5830de3472bb39db7e52b1c809286dc87c4b85b20e003cc70c3,0xfba01d52a7cd84480d0573725899486a0b5e55c20ff45d6628874349375d1650,,,,
19290882,0x7d229a8764cdad58eba039fd2b3e915cfb977c1c6c7906a92f312e526976e1b7,0x50ce56a3239671ab62f185704caedf626352741e,0x00000000000000000000000000000000000000000000000000000000763837e9,0x46eec4e0eeeef5830de3472bb39db7e52b1c809286dc87c4b85b20e003cc70c3,0xec76ec3a7e5f010a9229e69fa1945af6f0c6cc5b0a625bf03bd6381222192020,,,,
19290883,0x22644547b6f4564086be40b9f5eb9889d880253463e33c77ec98130fa0e96b91,0x50ce56a3239671ab62f185704caedf626352741e,0x000000000000000000000000000000000000000000000000000000000014267a,0x46eec4e0eeeef5830de3472bb39db7e52b1c809286dc87c4b85b20e003cc70c3,0xbbf304add43db0a05d104474683215530b076be1dfdf72a4d53a1e443d8e4c21,,,,
19290884,0xd1cab4aa55b45db893e47bef8ef715b551cc414011ee07d08de8b621c48c9265,0x50ce56a3239671ab62f185704caedf626352741e,0x00000000000000000000000000000000000000000000000000000000007dab86,0x46eec4e0eeeef5830de3472bb39db7e52b1c809286dc87c4b85b20e003cc70c3,0xfba01d52a7cd84480d0573725899486a0b5e55c20ff45d6628874349375d1650,,,,
19290886,0x0c70effa078f779bcfa5c9d9086950987386eaa8cd1f698fbed89adb6772af76,0x50ce56a3239671ab62f185704caedf626352741e,0x00000000000000000000000000000000000000000000000000000000007f4220,0x46eec4e0eeeef5830de3472bb39db7e52b1c809286dc87c4b85b20e003cc70c3,0xfba01d52a7cd84480d0573725899486a0b5e55c20ff45d6628874349375d1650,,,,
19290889,0xba0f7e4a1a38475989a1e325073c7099608722fb3d6edb24958a6467a8e17a50,0x50ce56a3239671ab62f185704caedf626352741e,0x0000000000000000000000000000000000000000000000000000000000837d6c00000000000000000000000000000000000000000000000000000000006faeaf,0x6b871468876a51b1609c5e5fc5c6f57c7e9a66aba8ad5a41ed4a5b2b50d7d1f6,0xfba01d52a7cd84480d0573725899486a0b5e55c20ff45d6628874349375d1650,,,,
19290891,0xdf346a4f963cc49a63131c18b81e599373f67301d71a8ee13e05111ea6afbfed,0x50ce56a3239671ab62f185704caedf626352741e,0x000000000000000000000000000000000000000000000000000000000568fe19,0x46eec4e0eeeef5830de3472bb39db7e52b1c809286dc87c4b85b20e003cc70c3,0xde46fbfa339d54cd65b79d8320a7a53c78177565c2aaf4c8b13eed7865e7cfc8,,,,
19290892,0x182202f51cb4fc68e6efb62a3ef5ba38652dcad523e174334c124877d5b85106,0x50ce56a3239671ab62f185704caedf626352741e,0x000000000000000000000000000000000000000000000000000000000088bb520000000000000000000000000000000000000000000000000000000000702fa0,0x6b871468876a51b1609c5e5fc5c6f57c7e9a66aba8ad5a41ed4a5b2b50d7d1f6,0xfba01d52a7cd84480d0573725899486a0b5e55c20ff45d6628874349375d1650,,,,
19290893,0x405f9e3abb447ce6ac59f8e06d5590b036f54751a81c91013a96490fe69e6ccf,0x50ce56a3239671ab62f185704caedf626352741e,0x0000000000000000000000000000000000000000000000000000000000147a2f,0x46eec4e0eeeef5830de3472bb39db7e52b1c809286dc87c4b85b20e003cc70c3,0xbbf304add43db0a05d104474683215530b076be1dfdf72a4d53a1e443d8e4c21,,,,
19290896,0x8038e2dacd068537f0c9e9a060fd1a55d4a6fc55fb9ab2cb2c7356c52373f5a0,0x50ce56a3239671ab62f185704caedf626352741e,0x00000000000000000000000000000000000000000000000000000000008be3dc000000000000000000000000000000000000000000000000000000000070e23b,0x6b871468876a51b1609c5e5fc5c6f57c7e9a66aba8ad5a41ed4a5b2b50d7d1f6,0xfba01d52a7cd84480d0573725899486a0b5e55c20ff45d6628874349375d1650,,,,
19290898,0xfaf994b2912e83ffe99dd85658f8c44ee2fd0405f805ec9481a167cfb03d6e56,0x50ce56a3239671ab62f185704caedf626352741e,0x000000000000000000000000000000000000000000000000000000000014b2e0,0x46eec4e0eeeef5830de3472bb39db7e52b1c809286dc87c4b85b20e003cc70c3,0xbbf304add43db0a05d104474683215530b076be1dfdf72a4d53a1e443d8e4c21,,,,
19290899,0xbe8e9da770b847bd4b4651d3f8068cdac959308648cbb073180d940069057d7c,0x50ce56a3239671ab62f185704caedf626352741e,0x0000000000000000000000000000000000000000000000000000000003981ffe,0x46eec4e0eeeef5830de3472bb39db7e52b1c809286dc87c4b85b20e003cc70c3,0xb6dbcaeee318e11fe1e87d4af04bdd7b4d6a3f13307225dc7ee72f7c085ab454,,,,
19290899,0x2d40247400e874b7948bb7407496dc5a50973ab256e71174ae0aea557cc8dc1c,0x50ce56a3239671ab62f185704caedf626352741e,0x00000000000000000000000000000000000000000000000000000000008d81e700000000000000000000000000000000000000000000000000000000007175fb,0x6b871468876a51b1609c5e5fc5c6f57c7e9a66aba8ad5a41ed4a5b2b50d7d1f6,0xfba01d52a7cd84480d0573725899486a0b5e55c20ff45d6628874349375d1650,,,,
19290901,0xcabf14d8a87682af88552f0a9688f15489a54e555561cf995b1d56490236d333,0x50ce56a3239671ab62f185704caedf626352741e,0x000000000000000000000000000000000000000000000000000000000087b82c000000000000000000000000000000000000000000000000000000000071cd3f,0x6b871468876a51b1609c5e5fc5c6f57c7e9a66aba8ad5a41ed4a5b2b50d7d1f6,0xfba01d52a7cd84480d0573725899486a0b5e55c20ff45d6628874349375d1650,,,,
19290911,0x31a10342c0ddfbf2837ace26296e6fa8a02524ec58539ea80ecf081ecdb4e278,0x50ce56a3239671ab62f185704caedf626352741e,0x00000000000000000000000000000000000000000000000000000000008990480000000000000000000000000000000000000000000000000000000000737f9a,0x6b871468876a51b1609c5e5fc5c6f57c7e9a66aba8ad5a41ed4a5b2b50d7d1f6,0xfba01d52a7cd84480d0573725899486a0b5e55c20ff45d6628874349375d1650,,,,
19290913,0xcbebab555531a5555a649255f1bc96a43b79ff2a1a1544d96204f3b3fa10b19b,0x50ce56a3239671ab62f185704caedf626352741e,0x000000000000000000000000000000000000000000000000000000000014fc44,0x46eec4e0eeeef5830de3472bb39db7e52b1c809286dc87c4b85b20e003cc70c3,0xbbf304add43db0a05d104474683215530b076be1dfdf72a4d53a1e443d8e4c21,,,,
19290915,0xc83a1cb9007a907a32879409079153acfcb3df3825fa59352809f110ce5ac8dd,0x50ce56a3239671ab62f185704caedf626352741e,0x00000000000000000000000000000000000000000000000000000000008db69a0000000000000000000000000000000000000000000000000000000000744956,0x6b871468876a51b1609c5e5fc5c6f57c7e9a66aba8ad5a41ed4a5b2b50d7d1f6,0xfba01d52a7cd84480d0573725899486a0b5e55c20ff45d6628874349375d1650,,,,
19290916,0x2063c4cec74dccdc974ab2a8a3464b266c8b45780838573f8af1a3b0fa7b8e87,0x50ce56a3239671ab62f185704caedf626352741e,0x00000000000000000000000000000000000000000000000000000000009091390000000000000000000000000000000000000000000000000000000000747ef7,0x6b871468876a51b1609c5e5fc5c6f57c7e9a66aba8ad5a41ed4a5b2b50d7d1f6,0xfba01d52a7cd84480d0573725899486a0b5e55c20ff45d6628874349375d1650,,,,
19290919,0xd81c9cfaca52372672bbb652036948c6d0dbcf8f864bc0b8eb33b41b8fcb2278,0x50ce56a3239671ab62f185704caedf626352741e,0x00000000000000000000000000000000000000000000000000000000057fd44c,0x46eec4e0eeeef5830de3472bb39db7e52b1c809286dc87c4b85b20e003cc70c3,0xde46fbfa339d54cd65b79d8320a7a53c78177565c2aaf4c8b13eed7865e7cfc8,,,,
19290919,0x07aa48864c789ea7803ca51a6b9f15e88e6bfb8c58590580580da077464cbed2,0x50ce56a3239671ab62f185704caedf626352741e,0x0000000000000000000000000000000000000000000000000000000000943568000000000000000000000000000000000000000000000000000000000075296f,0x6b871468876a51b1609c5e5fc5c6f57c7e9a66aba8ad5a41ed4a5b2b50d7d1f6,0xfba01d52a7cd84480d0573725899486a0b5e55c20ff45d6628874349375d1650,,,,
19290921,0xd51a65bf7c877ebcadf9b551904da2e58cc0636c13820a2f0664be41c4719a72,0x50ce56a3239671ab62f185704caedf626352741e,0x00000000000000000000000000000000000000000000000000000000009b0264000000000000000000000000000000000000000000000000000000000075aaad,0x6b871468876a51b1609c5e5fc5c6f57c7e9a66aba8ad5a41ed4a5b2b50d7d1f6,0xfba01d52a7cd84480d0573725899486a0b5e55c20ff45d6628874349375d1650,,,,
19290923,0xcb2e38b317eeec46d718b7db3f8825f96e68ae8c1500d861aa2f28efb58f7b24,0x50ce56a3239671ab62f185704caedf626352741e,0x000000000000000000000000000000000000000000000000000000000015a17a,0x46eec4e0eeeef5830de3472bb39db7e52b1c809286dc87c4b85b20e003cc70c3,0xbbf304add43db0a05d104474683215530b076be1dfdf72a4d53a1e443d8e4c21,,,,
19290923,0x382526bbc34cf793cc2ff4eea413846481a10a155d37fd8e5289707d46aa57b8,0x50ce56a3239671ab62f185704caedf626352741e,0x0000000000000000000000000000000000000000000000000000000000055d7e,0x46eec4e0eeeef5830de3472bb39db7e52b1c809286dc87c4b85b20e003cc70c3,0xb8612e326dd19fc983e73ae3bc23fa1c78a3e01478574fa7ceb5b57e589dcebd,,,,
19290924,0xfabb3a21fa72b7590550cfe16ad0218949b9d04d791d4864e952598ce075d648,0x50ce56a3239671ab62f185704caedf626352741e,0x0000000000000000000000000000000000000000000000000000000000968383000000000000000000000000000000000000000000000000000000000076690a,0x6b871468876a51b1609c5e5fc5c6f57c7e9a66aba8ad5a41ed4a5b2b50d7d1f6,0xfba01d52a7cd84480d0573725899486a0b5e55c20ff45d6628874349375d1650,,,,
19290926,0xa7fd56464d1de57cae449a740886900e55a6bd066e1050fdae056c536eb9cc74,0x50ce56a3239671ab62f185704caedf626352741e,0x0000000000000000000000000000000000000000000000000000000000987f40000000000000000000000000000000000000000000000000000000000076eeb4,0x6b871468876a51b1609c5e5fc5c6f57c7e9a66aba8ad5a41ed4a5b2b50d7d1f6,0xfba01d52a7cd84480d0573725899486a0b5e55c20ff45d6628874349375d1650,,,,
19290926,0x09ec501e39937a8442ae002863c109832618c6e1ef52d23cdaa00287d27dcbd7,0x50ce56a3239671ab62f185704caedf626352741e,0x00000000000000000000000000000000000000000000000000000001bd857500,0x46eec4e0eeeef5830de3472bb39db7e52b1c809286dc87c4b85b20e003cc70c3,0xec34391362c28ee226b3b8624a699ee507a40fa771fd01d38b03ac7b70998bbe,,,,
19290926,0x8d3aee55ef4b28d41d7ac76b75b529db6809f103945e29361456fefa95476ed5,0x50ce56a3239671ab62f185704caedf626352741e,0x0000000000000000000000000000000000000000000000000000000003a188f0,0x46eec4e0eeeef5830de3472bb39db7e52b1c809286dc87c4b85b20e003cc70c3,0xb6dbcaeee318e11fe1e87d4af04bdd7b4d6a3f13307225dc7ee72f7c085ab454,,,,
19290928,0x2ea7d2981cf9436327f123ff3bf563ee492e339e9a5fe93016702f5b679681f8,0x50ce56a3239671ab62f185704caedf626352741e,0x000000000000000000000000000000000000000000000000000000000015e960,0x46eec4e0eeeef5830de3472bb39db7e52b1c809286dc87c4b85b20e003cc70c3,0xbbf304add43db0a05d104474683215530b076be1dfdf72a4d53a1e443d8e4c21,,,,
19290929,0xa66571d22d7785627e1b06353ed225ad30bbcff23269e8d4e4b4d274d93b178a,0x50ce56a3239671ab62f185704caedf626352741e,0x000000000000000000000000000000000000000000000000000000000095e832000000000000000000000000000000000000000000000000000000000077b53e,0x6b871468876a51b1609c5e5fc5c6f57c7e9a66aba8ad5a41ed4a5b2b50d7d1f6,0xfba01d52a7cd84480d0573725899486a0b5e55c20ff45d6628874349375d1650,,,,
19290931,0x7a93957ba086fff98cfba863d973f8ecfae597468155b25986adbef774f19aca,0x50ce56a3239671ab62f185704caedf626352741e,0x00000000000000000000000000000000000000000000000000000000009afac90000000000000000000000000000000000000000000000000000000000783f73,0x6b871468876a51b1609c5e5fc5c6f57c7e9a66aba8ad5a41ed4a5b2b50d7d1f6,0xfba01d52a7cd84480d0573725899486a0b5e55c20ff45d6628874349375d1650,,,,
19290931,0xe5f3130d2d1f18a9eecedad841ea7f0a251df25e992eaa50a47db763d021f0c6,0x50ce56a3239671ab62f185704caedf626352741e,0x000000000000000000000000000000000000000000000000000000000015844c,0x46eec4e0eeeef5830de3472bb39db7e52b1c809286dc87c4b85b20e003cc70c3,0xbbf304add43db0a05d104474683215530b076be1dfdf72a4d53a1e443d8e4c21,,,,
19290933,0x7f6d1026114f62c3a60d82eb9aff6b2b50cb6d413ce4947d0671b77ddb831c59,0x50ce56a3239671ab62f185704caedf626352741e,0x000000000000000000000000000000000000000000000000000000000015c700,0x46eec4e0eeeef5830de3472bb39db7e52b1c809286dc87c4b85b20e003cc70c3,0xbbf304add43db0a05d104474683215530b076be1dfdf72a4d53a1e443d8e4c21,,,,
19290934,0xf133227f6fd40a8b454c9a26af0441ffb6e779eb48473a921dbf41365aec7c44,0x50ce56a3239671ab62f185704caedf626352741e,0x00000000000000000000000000000000000000000000000000000000009cf9390000000000000000000000000000000000000000000000000000000000790e62,0x6b871468876a51b1609c5e5fc5c6f57c7e9a66aba8ad5a41ed4a5b2b50d7d1f6,0xfba01d52a7cd84480d0573725899486a0b5e55c20ff45d6628874349375d1650,,,,
19290935,0xe79b4dfe49b00acd30fbced62bdc9d68e358742a49e6ff964029508de00cb8a6,0x50ce56a3239671ab62f185704caedf626352741e,0x00000000000000000000000000000000000000000000000000000000af42a360,0x46eec4e0eeeef5830de3472bb39db7e52b1c809286dc87c4b85b20e003cc70c3,0xaaaebeba3810b1e6b70781f14b2d72c1cb89c0b2b320c43bb67ff79f562f5ff4,,,,
19290939,0x079814ba8242cbb3956bedebe004108be6c80561363c9312c320a21065d619cb,0x50ce56a3239671ab62f185704caedf626352741e,0x0000000000000000000000000000000000000000000000000000000000a03a9000000000000000000000000000000000000000000000000000000000007a847d,0x6b871468876a51b1609c5e5fc5c6f57c7e9a66aba8ad5a41ed4a5b2b50d7d1f6,0xfba01d52a7cd84480d0573725899486a0b5e55c20ff45d6628874349375d1650,,,,
19290940,0x1f6dafa86be1a9b425baaffa282fc1a5ae3995619b89e39ac669fb30c77d17ff,0x50ce56a3239671ab62f185704caedf626352741e,0x000000000000000000000000000000000000000000000000000000000591ef10,0x46eec4e0eeeef5830de3472bb39db7e52b1c809286dc87c4b85b20e003cc70c3,0xde46fbfa339d54cd65b79d8320a7a53c78177565c2aaf4c8b13eed7865e7cfc8,,,,
19290941,0x2e001709e70a25a30d9da9bc2841d3543961bbac4d1bcbeecb3ee47d8199283b,0x50ce56a3239671ab62f185704caedf626352741e,0x000000000000000000000000000000000000000000000000000000000003c834,0x46eec4e0eeeef5830de3472bb39db7e52b1c809286dc87c4b85b20e003cc70c3,0x3ec6762bdf44eb044276fec7d12c1bb640cb139cfd533f93eeebba5414f5db55,,,,
19290941,0x0b7e53139beac92bea48646ca019e8556b7f2729bb384e42a8752933765661d4,0x50ce56a3239671ab62f185704caedf626352741e,0x0000000000000000000000000000000000000000000000000000000000162e12,0x46eec4e0eeeef5830de3472bb39db7e52b1c809286dc87c4b85b20e003cc70c3,0xbbf304add43db0a05d104474683215530b076be1dfdf72a4d53a1e443d8e4c21,,,,
19290946,0x9913e854974bdedb334a0de180b6d31835c2d8e07b8731311248bde78d320817,0x50ce56a3239671ab62f185704caedf626352741e,0x000000000000000000000000000000000000000000000000000000000015e9a6,0x46eec4e0eeeef5830de3472bb39db7e52b1c809286dc87c4b85b20e003cc70c3,0xbbf304add43db0a05d104474683215530b076be1dfdf72a4d53a1e443d8e4c21,,,,
19290946,0xe5130c7708191cfcfa00b9014451dbb3f0759924813dea5424cb491811f4b15a,0x50ce56a3239671ab62f185704caedf626352741e,0x00000000000000000000000000000000000000000000000000000000009ca7f500000000000000000000000000000000000000000000000000000000007c9b06,0x6b871468876a51b1609c5e5fc5c6f57c7e9a66aba8ad5a41ed4a5b2b50d7d1f6,0xfba01d52a7cd84480d0573725899486a0b5e55c20ff45d6628874349375d1650,,,,
19290954,0xba7f8a891254492877618e5174b6b34d392d7caa84fddefe448bef10aaa21ba5,0x50ce56a3239671ab62f185704caedf626352741e,0x0000000000000000000000000000000000000000000000000000000003ab21f8,0x46eec4e0eeeef5830de3472bb39db7e52b1c809286dc87c4b85b20e003cc70c3,0xb6dbcaeee318e11fe1e87d4af04bdd7b4d6a3f13307225dc7ee72f7c085ab454,,,,
19290956,0xa1b7d6c56b16a86637a028272e7c8f96595901c7813ec3819aaefa684b7a8c93,0x50ce56a3239671ab62f185704caedf626352741e,0x0000000000000000000000000000000000000000000000000000000000165bd4,0x46eec4e0eeeef5830de3472bb39db7e52b1c809286dc87c4b85b20e003cc70c3,0xbbf304add43db0a05d104474683215530b076be1dfdf72a4d53a1e443d8e4c21,,,,
19290956,0x7e28ad4cb686f1d878579f896f79376619a749b989ca654a6eadcbf31ab52278,0x50ce56a3239671ab62f185704caedf626352741e,0x00000000000000000000000000000000000000000000000000000000009fb70300000000000000000000000000000000000000000000000000000000007fa1d3,0x6b871468876a51b1609c5e5fc5c6f57c7e9a66aba8ad5a41ed4a5b2b50d7d1f6,0xfba01d52a7cd84480d0573725899486a0b5e55c20ff45d6628874349375d1650,,,,
19290959,0xd5ce5af5c046a596bbc9f6b6400a1640671d2679b0a679a3ae463645a1562e2f,0x50ce56a3239671ab62f185704caedf626352741e,0x0000000000000000000000000000000000000000000000000000000005a09bbe,0x46eec4e0eeeef5830de3472bb39db7e52b1c809286dc87c4b85b20e003cc70c3,0xde46fbfa339d54cd65b79d8320a7a53c78177565c2aaf4c8b13eed7865e7cfc8,,,,
19290963,0x587857612e84564e29c510268ab5af1533cf9be2b217ab910ed6c755860e383e,0x50ce56a3239671ab62f185704caedf626352741e,0x0000000000000000000000000000000000000000000000000000000003b70408,0x46eec4e0eeeef5830de3472bb39db7e52b1c809286dc87c4b85b20e003cc70c3,0xb6dbcaeee318e11fe1e87d4af04bdd7b4d6a3f13307225dc7ee72f7c085ab454,,,,
19290964,0x95b0dfdf49a8d12ae57a0b865c70ee8f685304946242f9d7c66082641c709381,0x50ce56a3239671ab62f185704caedf626352741e,0x00000000000000000000000000000000000000000000000000000000009cc80e000000000000000000000000000000000000000000000000000000000082252f,0x6b871468876a51b1609c5e5fc5c6f57c7e9a66aba8ad5a41ed4a5b2b50d7d1f6,0xfba01d52a7cd84480d0573725899486a0b5e55c20ff45d6628874349375d1650,,,,
19290966,0x1f1ccfe056b0c6bc0c4e96822529b1fecfb2d1b27483be47fd175c2dd75c2d7b,0x50ce56a3239671ab62f185704caedf626352741e,0x0000000000000000000000000000000000000000000000000000000003c145f0,0x46eec4e0eeeef5830de3472bb39db7e52b1c809286dc87c4b85b20e003cc70c3,0xb6dbcaeee318e11fe1e87d4af04bdd7b4d6a3f13307225dc7ee72f7c085ab454,,,,
19290973,0x7719219c994b62dbb6bc3b9227e6fc8ba8b30049bc51584eba870ddbd46cea3c,0x50ce56a3239671ab62f185704caedf626352741e,0x0000000000000000000000000000000000000000000000000000000000160dbd,0x46eec4e0eeeef5830de3472bb39db7e52b1c809286dc87c4b85b20e003cc70c3,0xbbf304add43db0a05d104474683215530b076be1dfdf72a4d53a1e443d8e4c21,,,,
19290974,0x992926741b3708b73c35c2f961c5143865b2109abc1be2c1833e625402e0a893,0x50ce56a3239671ab62f185704caedf626352741e,0x0000000000000000000000000000000000000000000000000000000003b55832,0x46eec4e0eeeef5830de3472bb39db7e52b1c809286dc87c4b85b20e003cc70c3,0xb6dbcaeee318e11fe1e87d4af04bdd7b4d6a3f13307225dc7ee72f7c085ab454,,,,
19290976,0x95fa5c0fd63082444f34bb4dd4cd79be42ae3b23d5e664759f423547d75e0bb1,0x50ce56a3239671ab62f185704caedf626352741e,0x00000000000000000000000000000000000000000000000000000000010fa5e0,0x46eec4e0eeeef5830de3472bb39db7e52b1c809286dc87c4b85b20e003cc70c3,0x921a3539bcb764c889432630877414523e7fbca00c211bc787aeae69e2e3a779,,,,
19290976,0x54a2727105625a0c5aeddc81f36ed52362d937c0dff7920826f2e5e136bd0b73,0x50ce56a3239671ab62f185704caedf626352741e,0x000000000000000000000000000000000000000000000000000000000015836c,0x46eec4e0eeeef5830de3472bb39db7e52b1c809286dc87c4b85b20e003cc70c3,0xbbf304add43db0a05d104474683215530b076be1dfdf72a4d53a1e443d8e4c21,,,,
19290978,0x7e799f919bb419bbb8949338f843fb7e8d6792a1d8ae3d50aee394084d2c4554,0x50ce56a3239671ab62f185704caedf626352741e,0x000000000000000000000000000000000000000000000000000000000015bf79,0x46eec4e0eeeef5830de3472bb39db7e52b1c809286dc87c4b85b20e003cc70c3,0xbbf304add43db0a05d104474683215530b076be1dfdf72a4d53a1e443d8e4c21,,,,
19290984,0xb1bdd5acda2154c52b0582f04303edd7bace092451e775b968b701c5cbc9d8f2,0x50ce56a3239671ab62f185704caedf626352741e,0x00000000000000000000000000000000000000000000000000000000009e5eca,0x46eec4e0eeeef5830de3472bb39db7e52b1c809286dc87c4b85b20e003cc70c3,0xfba01d52a7cd84480d0573725899486a0b5e55c20ff45d6628874349375d1650,,,,
19290986,0x2055cb5b03fb0e371fd5237bb39fdcc0be1957e5877cb6d18c895ca7e57a9d18,0x50ce56a3239671ab62f185704caedf626352741e,0x00000000000000000000000000000000000000000000000000000000009bcea2,0x46eec4e0eeeef5830de3472bb39db7e52b1c809286dc87c4b85b20e003cc70c3,0xfba01d52a7cd84480d0573725899486a0b5e55c20ff45d6628874349375d1650,,,,
19290989,0x36549474d89cdbeabfdfc6d0fc0d13a1da5bffa8973403d905b8bb09490af544,0x50ce56a3239671ab62f185704caedf626352741e,0x00000000000000000000000000000000000000000000000000000000009e6831,0x46eec4e0eeeef5830de3472bb39db7e52b1c809286dc87c4b85b20e003cc70c3,0xfba01d52a7cd84480d0573725899486a0b5e55c20ff45d6628874349375d1650,,,,
19290991,0xc083ed5abc6912711b8b524a8dcde63910be2f7a646a074026bb62422f162523,0x50ce56a3239671ab62f185704caedf626352741e,0x0000000000000000000000000000000000000000000000000000000000a1b5df,0x46eec4e0eeeef5830de3472bb39db7e52b1c809286dc87c4b85b20e003cc70c3,0xfba01d52a7cd84480d0573725899486a0b5e55c20ff45d6628874349375d1650,,,,
19290994,0x515728ba36e6742b6f33c8eb31de76856d8d64133dc17dcb95cd1bd069b03257,0x50ce56a3239671ab62f185704caedf626352741e,0x0000000000000000000000000000000000000000000000000000000000163163,0x46eec4e0eeeef5830de3472bb39db7e52b1c809286dc87c4b85b20e003cc70c3,0xbbf304add43db0a05d104474683215530b076be1dfdf72a4d53a1e443d8e4c21,,,,
19290994,0x8a222bf31daed65a075c2899fefaea708f32c40817b0132d649c20e327ee2c79,0x50ce56a3239671ab62f185704caedf626352741e,0x0000000000000000000000000000000000000000000000000000000000a3bb32,0x46eec4e0eeeef5830de3472bb39db7e52b1c809286dc87c4b85b20e003cc70c3,0xfba01d52a7cd84480d0573725899486a0b5e55c20ff45d6628874349375d1650,,,,
19290996,0xca75f684f318b528896ccd41dc085e239943214f98dff4a3551ef92c4b1cb08a,0x50ce56a3239671ab62f185704caedf626352741e,0x0000000000000000000000000000000000000000000000000000000000166ce6,0x46eec4e0eeeef5830de3472bb39db7e52b1c809286dc87c4b85b20e003cc70c3,0xbbf304add43db0a05d104474683215530b076be1dfdf72a4d53a1e443d8e4c21,,,,
19291000,0x516728d0cab535183285b286cf315fe0cffd24aab79f58a33a45264e43b3dc0a,0x50ce56a3239671ab62f185704caedf626352741e,0x0000000000000000000000000000000000000000000000000000000003bef15a,0x46eec4e0eeeef5830de3472bb39db7e52b1c809286dc87c4b85b20e003cc70c3,0xb6dbcaeee318e11fe1e87d4af04bdd7b4d6a3f13307225dc7ee72f7c085ab454,,,,
19291000,0x4716c27a9a10eee439418d1af35579d7c861c35dd08cb9abc29fdaa0becd47cf,0x50ce56a3239671ab62f185704caedf626352741e,0x0000000000000000000000000000000000000000000000000000000000056b45,0x46eec4e0eeeef5830de3472bb39db7e52b1c809286dc87c4b85b20e003cc70c3,0xb8612e326dd19fc983e73ae3bc23fa1c78a3e01478574fa7ceb5b57e589dcebd,,,,
19291006,0x86cbf444f1aa2bfb07aac8ebfd70eecf1868e92368b6b397111219aec2c1725c,0x50ce56a3239671ab62f185704caedf626352741e,0x000000000000000000000000000000000000000000000000000000000016d8c0,0x46eec4e0eeeef5830de3472bb39db7e52b1c809286dc87c4b85b20e003cc70c3,0xbbf304add43db0a05d104474683215530b076be1dfdf72a4d53a1e443d8e4c21,,,,
